ID,Event_Id,Game_Date_Time,Home_Team,Opponent,sport
1,9444778,7/8/16,4692,1062,MLB
2,9444779,7/9/16,4692,1062,MLB
3,9444780,7/10/16,4692,1062,MLB
4,9444781,8/18/16,4692,4782,MLB
5,9444782,8/19/16,4692,4782,MLB
6,9444783,8/20/16,4692,4782,MLB
7,9444784,8/21/16,4692,4782,MLB
8,9444785,5/6/16,4692,4,MLB
9,9444786,5/7/16,4692,4,MLB
10,9444787,5/8/16,4692,4,MLB
11,9444788,4/19/16,4692,7548,MLB
12,9444789,4/20/16,4692,7548,MLB
13,9444790,4/21/16,4692,7548,MLB
14,9444791,6/17/16,4692,7548,MLB
15,9444792,6/18/16,4692,7548,MLB
16,9444793,6/19/16,4692,7548,MLB
17,9444794,8/29/16,4692,7548,MLB
18,9444795,8/30/16,4692,7548,MLB
19,9444796,8/31/16,4692,7548,MLB
20,9444797,9/23/16,4692,68,MLB
21,9444798,9/24/16,4692,68,MLB
22,9444799,9/25/16,4692,68,MLB
23,9444800,7/22/16,4692,4882,MLB
24,9444801,7/23/16,4692,4882,MLB
25,9444802,7/24/16,4692,4882,MLB
26,9444803,5/17/16,4692,1043,MLB
27,9444804,5/18/16,4692,1043,MLB
28,9444805,5/19/16,4692,1043,MLB
29,9444806,8/22/16,4692,7547,MLB
30,9444807,8/23/16,4692,7547,MLB
31,9444808,6/21/16,4692,42,MLB
32,9444809,6/22/16,4692,42,MLB
33,9444810,8/2/16,4692,4343,MLB
34,9444811,8/3/16,4692,4343,MLB
35,9444812,8/4/16,4692,4343,MLB
36,9444813,4/8/16,4692,5652,MLB
37,9444814,4/9/16,4692,5652,MLB
38,9444815,4/10/16,4692,5652,MLB
39,9444816,6/24/16,4692,5652,MLB
40,9444817,6/25/16,4692,5652,MLB
41,9444818,6/26/16,4692,5652,MLB
42,9444819,9/15/16,4692,5652,MLB
43,9444820,9/16/16,4692,5652,MLB
44,9444821,9/17/16,4692,5652,MLB
45,9444822,9/18/16,4692,5652,MLB
46,9444823,5/30/16,4692,4322,MLB
47,9444824,5/31/16,4692,4322,MLB
48,9444825,6/1/16,4692,4322,MLB
49,9444826,6/2/16,4692,4322,MLB
50,9444827,8/16/16,4692,4322,MLB
51,9444828,8/17/16,4692,4322,MLB
52,9444829,9/19/16,4692,4322,MLB
53,9444830,9/20/16,4692,4322,MLB
54,9444831,9/21/16,4692,4322,MLB
55,9444832,9/22/16,4692,4322,MLB
56,9444833,7/25/16,4692,5646,MLB
57,9444834,7/26/16,4692,5646,MLB
58,9444835,7/27/16,4692,5646,MLB
59,9444836,6/6/16,4692,5647,MLB
60,9444837,6/7/16,4692,5647,MLB
61,9444838,6/8/16,4692,5647,MLB
62,9444839,5/12/16,4692,4182,MLB
63,9444840,5/13/16,4692,4182,MLB
64,9444841,5/14/16,4692,4182,MLB
65,9444842,5/15/16,4692,4182,MLB
66,9444843,4/4/16,4692,5648,MLB
67,9444844,4/6/16,4692,5648,MLB
68,9444845,4/7/16,4692,5648,MLB
69,9444846,4/28/16,4692,5645,MLB
70,9444847,4/29/16,4692,5645,MLB
71,9444848,4/30/16,4692,5645,MLB
72,9444849,5/1/16,4692,5645,MLB
73,9444850,5/3/16,4692,5650,MLB
74,9444851,5/4/16,4692,5650,MLB
75,9444852,5/5/16,4692,5650,MLB
76,9444853,6/3/16,4692,5650,MLB
77,9444854,6/4/16,4692,5650,MLB
78,9444855,6/5/16,4692,5650,MLB
79,9444856,9/2/16,4692,5650,MLB
80,9444857,9/3/16,4692,5650,MLB
81,9444858,9/4/16,4692,5650,MLB
82,9371107,4/8/16,2744,22,NBA
83,9371049,4/11/16,2744,26,NBA
84,9371084,3/12/16,2744,36,NBA
85,9371118,4/6/16,2744,3084,NBA
86,9371154,3/23/16,2744,12,NBA
87,9371125,3/16/16,2744,335486,NBA
88,9371129,3/21/16,2744,30,NBA
89,9371097,3/10/16,2744,38,NBA
90,9371102,4/14/16,2744,28,NBA
91,9341386,3/8/16,48,84,NHL
92,9341388,3/15/16,48,74,NHL
93,9341390,3/17/16,48,78,NHL
94,9341327,4/2/16,48,96,NHL
95,9341392,3/19/16,48,54,NHL
96,9341395,3/31/16,48,88,NHL
97,9341399,4/4/16,48,100,NHL
98,9341402,4/6/16,48,108,NHL
99,9444097,6/19/16,1061,5164,MLB
100,9444098,6/19/16,1061,5164,MLB
101,9444099,6/21/16,1061,7547,MLB
102,9444100,6/22/16,1061,7547,MLB
103,9444101,6/23/16,1061,7547,MLB
104,9444102,7/2/16,1061,5646,MLB
105,9444103,7/3/16,1061,5646,MLB
106,9444104,7/3/16,1061,5646,MLB
107,9444105,7/5/16,1061,4692,MLB
108,9444106,7/6/16,1061,4692,MLB
109,9444107,7/6/16,1061,4692,MLB
110,9444109,7/8/16,1061,42,MLB
111,9444111,7/9/16,1061,42,MLB
112,9444112,7/9/16,1061,42,MLB
113,9444114,7/10/16,1061,42,MLB
114,9444162,9/21/16,1061,2,MLB
115,9444117,7/27/16,1061,5652,MLB
116,9444119,7/27/16,1061,5652,MLB
117,9444121,7/30/16,1061,68,MLB
118,9444122,7/31/16,1061,68,MLB
119,9444123,7/31/16,1061,68,MLB
120,9444124,8/6/16,1061,4322,MLB
121,9444125,8/6/16,1061,4322,MLB
122,9444126,8/7/16,1061,4322,MLB
123,9444165,9/23/16,1061,5646,MLB
124,9444128,8/9/16,1061,4344,MLB
125,9444129,8/10/16,1061,4344,MLB
126,9444130,8/10/16,1061,4344,MLB
127,9444003,4/12/16,1061,68,MLB
128,9444132,8/13/16,1061,4802,MLB
129,9444005,4/15/16,1061,68,MLB
130,9444167,9/25/16,1061,5646,MLB
131,9444137,8/24/16,1061,2,MLB
132,9444139,8/25/16,1061,2,MLB
133,9444142,8/26/16,1061,2,MLB
134,9444163,9/22/16,1061,2,MLB
135,9444145,8/27/16,1061,5644,MLB
136,9444146,8/27/16,1061,5644,MLB
137,9444148,8/28/16,1061,5644,MLB
138,9444149,9/3/16,1061,42,MLB
139,9444150,9/4/16,1061,42,MLB
140,9444151,9/4/16,1061,42,MLB
141,9444154,9/6/16,1061,68,MLB
142,9444156,9/7/16,1061,68,MLB
143,9444158,9/8/16,1061,68,MLB
144,9444031,4/17/16,1061,2,MLB
145,9444032,4/18/16,1061,2,MLB
146,9444033,4/26/16,1061,4342,MLB
147,9444034,4/27/16,1061,4342,MLB
148,9444035,4/28/16,1061,4342,MLB
149,9444037,4/29/16,1061,4342,MLB
150,9444166,9/24/16,1061,5646,MLB
151,9444039,4/30/16,1061,42,MLB
152,9444168,9/25/16,1061,5646,MLB
153,9444041,5/1/16,1061,42,MLB
154,9444049,5/1/16,1061,42,MLB
155,9444131,8/13/16,1061,4802,MLB
156,9444004,4/14/16,1061,68,MLB
157,9444090,6/8/16,1061,5646,MLB
158,9444133,8/14/16,1061,4802,MLB
159,9444160,9/20/16,1061,2,MLB
160,9444091,6/9/16,1061,5646,MLB
161,9444069,5/10/16,1061,5649,MLB
162,9444071,5/11/16,1061,5649,MLB
163,9444072,5/12/16,1061,5649,MLB
164,9444073,5/13/16,1061,5649,MLB
165,9444074,5/14/16,1061,5651,MLB
166,9444075,5/15/16,1061,5651,MLB
167,9444076,5/16/16,1061,5651,MLB
168,9444077,5/17/16,1061,1062,MLB
169,9444078,5/18/16,1061,1062,MLB
170,9444079,5/24/16,1061,4862,MLB
171,9444080,5/25/16,1061,4862,MLB
172,9444081,5/26/16,1061,4862,MLB
173,9444082,6/4/16,1061,5643,MLB
174,9444083,6/5/16,1061,5643,MLB
175,9444084,6/5/16,1061,5643,MLB
176,9444030,4/16/16,1061,2,MLB
177,9444088,6/7/16,1061,5646,MLB
178,9458682,4/1/16,1061,1062,MLB
179,9458683,4/2/16,1061,1062,MLB
180,9444094,6/17/16,1061,5164,MLB
181,9444095,6/18/16,1061,5164,MLB
182,9371011,4/14/16,6,12,NBA
183,9371021,4/11/16,6,32,NBA
184,9370992,3/15/16,6,10,NBA
185,9370897,3/22/16,6,26,NBA
186,9370930,3/26/16,6,20,NBA
187,9370963,3/14/16,6,22,NBA
188,9370970,4/3/16,6,3084,NBA
189,9370907,3/24/16,6,16,NBA
190,9341313,3/17/16,50,80,NHL
191,9341316,3/21/16,50,102,NHL
192,9341318,3/23/16,50,100,NHL
193,9341321,4/3/16,50,54,NHL
194,9341323,4/6/16,50,86,NHL
195,9341326,4/8/16,50,106,NHL
196,9341308,3/6/16,50,58,NHL
197,9341310,3/15/16,50,92,NHL
198,9443585,7/22/16,7547,42,MLB
199,9443586,7/23/16,7547,42,MLB
200,9443588,7/24/16,7547,42,MLB
201,9443589,4/26/16,7547,4344,MLB
202,9443590,4/27/16,7547,4344,MLB
203,9443591,4/28/16,7547,4344,MLB
204,9443592,6/10/16,7547,4344,MLB
205,9443595,6/11/16,7547,4344,MLB
206,9443597,6/12/16,7547,4344,MLB
207,9443598,9/8/16,7547,4344,MLB
208,9443600,9/9/16,7547,4344,MLB
209,9443601,9/10/16,7547,4344,MLB
210,9443602,9/11/16,7547,4344,MLB
211,9443605,7/15/16,7547,4802,MLB
212,9443607,7/16/16,7547,4802,MLB
213,9443608,7/17/16,7547,4802,MLB
214,9443609,6/30/16,7547,4862,MLB
215,9443610,7/1/16,7547,4862,MLB
216,9443611,7/2/16,7547,4862,MLB
217,9443612,7/3/16,7547,4862,MLB
218,9443613,8/26/16,7547,5646,MLB
219,9443614,8/27/16,7547,5646,MLB
220,9443616,8/28/16,7547,5646,MLB
221,9443618,5/9/16,7547,4182,MLB
222,9443619,5/10/16,7547,4182,MLB
223,9443620,5/11/16,7547,4182,MLB
224,9443622,4/22/16,7547,5648,MLB
225,9443623,4/23/16,7547,5648,MLB
226,9443624,4/24/16,7547,5648,MLB
227,9443571,5/23/16,7547,5649,MLB
228,9517137,4/1/16,7547,5648,MLB
229,9443530,4/11/16,7547,5643,MLB
230,9443531,4/12/16,7547,5643,MLB
231,9443532,4/13/16,7547,5643,MLB
232,9443533,4/14/16,7547,5643,MLB
233,9443534,8/12/16,7547,5643,MLB
234,9443535,8/13/16,7547,5643,MLB
235,9443536,8/14/16,7547,5643,MLB
236,9443537,9/5/16,7547,5643,MLB
237,9443538,9/6/16,7547,5643,MLB
238,9443539,9/7/16,7547,5643,MLB
239,9443540,7/4/16,7547,5164,MLB
240,9443541,7/5/16,7547,5164,MLB
241,9443542,7/6/16,7547,5164,MLB
242,9443543,5/26/16,7547,5651,MLB
243,9443544,5/27/16,7547,5651,MLB
244,9443545,5/28/16,7547,5651,MLB
245,9443546,5/29/16,7547,5651,MLB
246,9443547,6/13/16,7547,5644,MLB
247,9443548,6/14/16,7547,5644,MLB
248,9443549,6/15/16,7547,5644,MLB
249,9443550,9/26/16,7547,68,MLB
250,9443551,9/27/16,7547,68,MLB
251,9443552,9/28/16,7547,68,MLB
252,9443553,9/29/16,7547,68,MLB
253,9443554,7/19/16,7547,1061,MLB
254,9443555,7/20/16,7547,1061,MLB
255,9443556,7/21/16,7547,1061,MLB
256,9443557,8/5/16,7547,2,MLB
257,9443558,8/6/16,7547,2,MLB
258,9443559,8/7/16,7547,2,MLB
259,9443560,8/9/16,7547,4882,MLB
260,9443561,8/10/16,7547,4882,MLB
261,9443562,4/7/16,7547,4342,MLB
262,9443563,4/9/16,7547,4342,MLB
263,9443564,4/10/16,7547,4342,MLB
264,9443565,5/13/16,7547,4342,MLB
265,9443566,5/14/16,7547,4342,MLB
266,9443567,5/15/16,7547,4342,MLB
267,9443568,9/30/16,7547,4342,MLB
268,9443569,10/1/16,7547,4342,MLB
269,9443570,10/2/16,7547,4342,MLB
270,9443581,9/14/16,7547,5649,MLB
271,9443573,5/24/16,7547,5649,MLB
272,9443574,5/25/16,7547,5649,MLB
273,9443575,6/27/16,7547,5649,MLB
274,9443576,6/28/16,7547,5649,MLB
275,9443577,6/29/16,7547,5649,MLB
276,9443579,9/12/16,7547,5649,MLB
277,9443580,9/13/16,7547,5649,MLB
278,9477866,4/2/16,7547,5648,MLB
279,9443582,8/24/16,7547,4692,MLB
280,9443583,8/25/16,7547,4692,MLB
281,9370785,3/24/16,8,14,NBA
282,9370788,3/26/16,8,16,NBA
283,9370777,4/1/16,8,6,NBA
284,9370852,4/10/16,8,12,NBA
285,9370810,4/3/16,8,20,NBA
286,9370779,4/6/16,8,26,NBA
287,9370846,3/20/16,8,46,NBA
288,9342340,3/9/16,52,64,NHL
289,9342342,3/22/16,52,56,NHL
290,9342347,3/26/16,52,76,NHL
291,9342350,3/27/16,52,74,NHL
292,9342352,3/31/16,52,78,NHL
293,9342354,4/2/16,52,72,NHL
294,9342356,4/7/16,52,62,NHL
295,9444483,4/23/16,68,4802,MLB
296,9444484,4/24/16,68,4802,MLB
297,9444485,4/24/16,68,4802,MLB
298,9444488,4/26/16,68,5651,MLB
299,9444489,4/27/16,68,5651,MLB
300,9444491,4/28/16,68,5651,MLB
301,9444492,4/29/16,68,5651,MLB
302,9444493,4/30/16,68,5646,MLB
303,9467920,4/2/16,68,5647,MLB
304,9444497,5/1/16,68,5646,MLB
305,9444498,5/1/16,68,5646,MLB
306,9444499,5/13/16,68,2,MLB
307,9444500,5/14/16,68,2,MLB
308,9444502,5/15/16,68,2,MLB
309,9444504,5/15/16,68,2,MLB
310,9444506,5/17/16,68,5650,MLB
311,9444507,5/18/16,68,5650,MLB
312,9444509,5/19/16,68,5650,MLB
313,9444511,5/28/16,68,42,MLB
314,9444512,5/29/16,68,42,MLB
315,9444513,5/29/16,68,42,MLB
316,9444514,5/30/16,68,4782,MLB
317,9444515,5/31/16,68,4782,MLB
318,9444516,6/7/16,68,5652,MLB
319,9444517,6/8/16,68,5652,MLB
320,9444518,6/8/16,68,5652,MLB
321,9444519,6/11/16,68,4342,MLB
322,9444520,6/12/16,68,4342,MLB
323,9444521,6/12/16,68,4342,MLB
324,9444522,6/14/16,68,1061,MLB
325,9444523,6/15/16,68,1061,MLB
326,9444524,6/15/16,68,1061,MLB
327,9444525,6/28/16,68,4344,MLB
328,9444526,6/29/16,68,4344,MLB
329,9444527,6/29/16,68,4344,MLB
330,9444529,7/2/16,68,2,MLB
331,9444530,7/3/16,68,2,MLB
332,9444531,7/3/16,68,2,MLB
333,9444532,7/5/16,68,42,MLB
334,9444533,7/6/16,68,42,MLB
335,9444534,7/7/16,68,42,MLB
336,9444535,7/16/16,68,1061,MLB
337,9444536,7/17/16,68,1061,MLB
338,9444537,7/17/16,68,1061,MLB
339,9444538,7/20/16,68,7548,MLB
340,9444539,7/20/16,68,7548,MLB
341,9444541,8/2/16,68,7547,MLB
342,9444542,8/3/16,68,7547,MLB
343,9444543,8/3/16,68,7547,MLB
344,9444544,8/6/16,68,5164,MLB
345,9444545,8/7/16,68,5164,MLB
346,9444546,8/7/16,68,5164,MLB
347,9444547,8/16/16,68,5649,MLB
348,9444548,8/17/16,68,5649,MLB
349,9444549,8/18/16,68,5649,MLB
350,9444550,8/23/16,68,5643,MLB
351,9444551,8/24/16,68,5643,MLB
352,9444552,8/25/16,68,5643,MLB
353,9444553,8/26/16,68,5643,MLB
354,9444554,8/27/16,68,4862,MLB
355,9444555,8/28/16,68,4862,MLB
356,9444556,8/28/16,68,4862,MLB
357,9444557,9/10/16,68,2,MLB
358,9444558,9/11/16,68,2,MLB
359,9444559,9/11/16,68,2,MLB
360,9444560,9/13/16,68,5646,MLB
361,9444561,9/14/16,68,5646,MLB
362,9444562,9/15/16,68,5646,MLB
363,9444564,9/16/16,68,1061,MLB
364,9444565,9/17/16,68,1061,MLB
365,9444566,9/18/16,68,1061,MLB
366,9444567,9/18/16,68,1061,MLB
367,9444568,10/1/16,68,42,MLB
368,9444569,10/2/16,68,42,MLB
369,9444570,10/2/16,68,42,MLB
370,9467921,4/2/16,68,5647,MLB
371,9444468,4/5/16,68,5646,MLB
372,9444469,4/6/16,68,5646,MLB
373,9444470,4/6/16,68,5646,MLB
374,9444473,4/8/16,68,5644,MLB
375,9444475,4/9/16,68,5644,MLB
376,9444477,4/10/16,68,5644,MLB
377,9444478,4/10/16,68,5644,MLB
378,9371329,3/13/16,10,18,NBA
379,9371427,3/17/16,10,32,NBA
380,9371302,3/29/16,10,26,NBA
381,9371369,4/10/16,10,22,NBA
382,9371338,3/10/16,10,36,NBA
383,9371376,4/5/16,10,3084,NBA
384,9371382,4/8/16,10,8,NBA
385,9371289,3/20/16,10,2744,NBA
386,9371386,3/18/16,10,335486,NBA
387,9371344,4/2/16,10,20,NBA
388,9371295,3/12/16,10,6,NBA
389,9341472,3/11/16,54,52,NHL
390,9341477,3/12/16,54,76,NHL
391,9341483,3/24/16,54,60,NHL
392,9341489,4/5/16,54,52,NHL
393,9341496,4/7/16,54,58,NHL
394,9341501,4/9/16,54,64,NHL
395,9444352,6/4/16,42,5646,MLB
396,9444353,6/5/16,42,5646,MLB
397,9444354,6/6/16,42,5646,MLB
398,9444355,6/7/16,42,5643,MLB
399,9444356,6/8/16,42,5643,MLB
400,9444357,6/8/16,42,5643,MLB
401,9444358,6/14/16,42,4342,MLB
402,9444359,6/15/16,42,4342,MLB
403,9444360,6/15/16,42,4342,MLB
404,9444361,6/17/16,42,7547,MLB
405,9444362,6/18/16,42,7547,MLB
406,9444363,6/19/16,42,7547,MLB
407,9444364,6/19/16,42,7547,MLB
408,9444365,6/29/16,42,4692,MLB
409,9444366,6/29/16,42,4692,MLB
410,9444367,7/2/16,42,5650,MLB
411,9444368,7/3/16,42,5650,MLB
412,9444369,7/3/16,42,5650,MLB
413,9444370,7/16/16,42,2,MLB
414,9444371,7/17/16,42,2,MLB
415,9444372,7/17/16,42,2,MLB
416,9444375,7/30/16,42,4862,MLB
417,9444376,7/31/16,42,4862,MLB
418,9444377,7/31/16,42,4862,MLB
419,9444378,8/2/16,42,5164,MLB
420,9444379,8/3/16,42,5164,MLB
421,9444411,9/7/16,42,4322,MLB
422,9444385,8/3/16,42,5164,MLB
423,9444389,8/6/16,42,4344,MLB
424,9444391,8/7/16,42,4344,MLB
425,9444392,8/7/16,42,4344,MLB
426,9444448,9/30/16,42,1061,MLB
427,9444395,8/19/16,42,68,MLB
428,9444396,8/20/16,42,68,MLB
429,9444398,8/21/16,42,68,MLB
430,9444399,8/21/16,42,68,MLB
431,9444401,8/23/16,42,5644,MLB
432,9444402,8/24/16,42,5644,MLB
433,9444406,8/24/16,42,5644,MLB
434,9444410,9/5/16,42,4322,MLB
435,9444447,9/29/16,42,1061,MLB
436,9461692,4/2/16,42,5645,MLB
437,9461693,4/2/16,42,5645,MLB
438,9444414,9/10/16,42,5646,MLB
439,9444416,9/11/16,42,5646,MLB
440,9444417,9/11/16,42,5646,MLB
441,9444427,9/20/16,42,68,MLB
442,9444428,9/21/16,42,68,MLB
443,9444430,9/22/16,42,68,MLB
444,9444433,9/23/16,42,2,MLB
445,9444434,9/24/16,42,2,MLB
446,9444435,9/25/16,42,2,MLB
447,9444438,9/25/16,42,2,MLB
448,9444311,4/4/16,42,1061,MLB
449,9444312,4/6/16,42,1061,MLB
450,9444313,4/7/16,42,1061,MLB
451,9444315,4/16/16,42,68,MLB
452,9444445,9/28/16,42,1061,MLB
453,9444318,4/17/16,42,68,MLB
454,9444319,4/17/16,42,68,MLB
455,9444320,4/20/16,42,4802,MLB
456,9444321,4/21/16,42,4802,MLB
457,9444322,4/22/16,42,4802,MLB
458,9444323,4/23/16,42,5651,MLB
459,9444324,4/24/16,42,5651,MLB
460,9444325,4/24/16,42,5651,MLB
461,9444327,5/3/16,42,5646,MLB
462,9444412,9/8/16,42,4322,MLB
463,9444334,5/4/16,42,5646,MLB
464,9444413,9/9/16,42,5646,MLB
465,9444339,5/4/16,42,5646,MLB
466,9444340,5/6/16,42,5649,MLB
467,9444341,5/7/16,42,5649,MLB
468,9444342,5/8/16,42,5649,MLB
469,9444343,5/8/16,42,5649,MLB
470,9444344,5/18/16,42,2,MLB
471,9444345,5/19/16,42,2,MLB
472,9444346,5/20/16,42,2,MLB
473,9444347,5/21/16,42,1061,MLB
474,9444348,5/22/16,42,1061,MLB
475,9444349,5/22/16,42,1061,MLB
476,9444350,6/2/16,42,1043,MLB
477,9444351,6/3/16,42,1043,MLB
478,9371185,3/11/16,12,24,NBA
479,9371187,3/30/16,12,24,NBA
480,9371192,3/18/16,12,2744,NBA
481,9371196,3/9/16,12,6,NBA
482,9371200,4/5/16,12,26,NBA
483,9371205,3/14/16,12,14,NBA
484,9371216,3/6/16,12,36,NBA
485,9371219,4/8/16,12,20,NBA
486,9371227,3/13/16,12,28,NBA
487,9371243,3/28/16,12,335486,NBA
488,9371246,3/20/16,12,30,NBA
489,9371249,4/12/16,12,10,NBA
490,9342178,3/18/16,56,64,NHL
491,9342180,3/26/16,56,108,NHL
492,9342184,3/31/16,56,70,NHL
493,9342187,4/8/16,56,72,NHL
494,9342168,3/9/16,56,78,NHL
495,9342171,3/12/16,56,52,NHL
496,9342174,3/16/16,56,62,NHL
497,9443457,5/8/16,7548,1061,MLB
498,9443460,6/30/16,7548,4882,MLB
499,9443461,7/1/16,7548,4882,MLB
500,9443463,7/2/16,7548,4882,MLB
501,9443464,7/3/16,7548,4882,MLB
502,9443467,7/22/16,7548,1043,MLB
503,9443468,7/23/16,7548,1043,MLB
504,9443469,7/24/16,7548,1043,MLB
505,9443470,6/9/16,7548,4692,MLB
506,9443471,6/10/16,7548,4692,MLB
507,9443472,6/11/16,7548,4692,MLB
508,9443473,6/12/16,7548,4692,MLB
509,9443474,7/29/16,7548,4692,MLB
510,9443475,7/30/16,7548,4692,MLB
511,9443476,7/31/16,7548,4692,MLB
512,9443477,9/27/16,7548,4692,MLB
513,9443478,9/28/16,7548,4692,MLB
514,9443479,9/29/16,7548,4692,MLB
515,9443480,7/25/16,7548,42,MLB
516,9443481,7/26/16,7548,42,MLB
517,9443482,7/27/16,7548,42,MLB
518,9443483,6/13/16,7548,4344,MLB
519,9443484,6/14/16,7548,4344,MLB
520,9443485,5/2/16,7548,4343,MLB
521,9443486,5/3/16,7548,4343,MLB
522,9443487,5/4/16,7548,4343,MLB
523,9443488,5/5/16,7548,4343,MLB
524,9443489,5/16/16,7548,5652,MLB
525,9443490,5/17/16,7548,5652,MLB
526,9443491,5/18/16,7548,5652,MLB
527,9443492,8/8/16,7548,5652,MLB
528,9443493,8/9/16,7548,5652,MLB
529,9443494,8/10/16,7548,5652,MLB
530,9443495,9/12/16,7548,5652,MLB
531,9443496,9/13/16,7548,5652,MLB
532,9443497,9/14/16,7548,5652,MLB
533,9443498,4/8/16,7548,4322,MLB
534,9443499,4/9/16,7548,4322,MLB
535,9443500,4/10/16,7548,4322,MLB
536,9443501,5/27/16,7548,4322,MLB
537,9443502,5/28/16,7548,4322,MLB
538,9443503,5/29/16,7548,4322,MLB
539,9443504,9/9/16,7548,4322,MLB
540,9443505,9/10/16,7548,4322,MLB
541,9443506,9/11/16,7548,4322,MLB
542,9443507,7/4/16,7548,5647,MLB
543,9443508,7/5/16,7548,5647,MLB
544,9443509,7/6/16,7548,5647,MLB
545,9443510,7/7/16,7548,4182,MLB
546,9443511,7/8/16,7548,4182,MLB
547,9443512,7/9/16,7548,4182,MLB
548,9443513,7/10/16,7548,4182,MLB
549,9443514,8/26/16,7548,5648,MLB
550,9443515,8/27/16,7548,5648,MLB
551,9443516,8/28/16,7548,5648,MLB
552,9443517,4/25/16,7548,5645,MLB
553,9443518,4/26/16,7548,5645,MLB
554,9443519,4/27/16,7548,5645,MLB
555,9443520,4/12/16,7548,5650,MLB
556,9443521,4/13/16,7548,5650,MLB
557,9443522,4/14/16,7548,5650,MLB
558,9443523,5/30/16,7548,5650,MLB
559,9443524,5/31/16,7548,5650,MLB
560,9443525,6/1/16,7548,5650,MLB
561,9443526,9/23/16,7548,5650,MLB
562,9443527,9/26/16,7548,5650,MLB
563,9443528,9/25/16,7548,5650,MLB
564,9443529,9/24/16,7548,5650,MLB
565,9443432,8/23/16,7548,1062,MLB
566,9443433,8/24/16,7548,1062,MLB
567,9443434,8/25/16,7548,1062,MLB
568,9443435,8/12/16,7548,4782,MLB
569,9443436,8/13/16,7548,4782,MLB
570,9443437,8/14/16,7548,4782,MLB
571,9443445,4/22/16,7548,4,MLB
572,9443446,4/23/16,7548,4,MLB
573,9443448,4/24/16,7548,4,MLB
574,9443449,6/21/16,7548,68,MLB
575,9443450,6/22/16,7548,68,MLB
576,9443453,5/6/16,7548,1061,MLB
577,9443455,5/7/16,7548,1061,MLB
578,9370562,3/18/16,14,6,NBA
579,9370565,3/20/16,14,3082,NBA
580,9370568,3/22/16,14,46,NBA
581,9370572,3/29/16,14,24,NBA
582,9370570,3/24/16,14,8,NBA
583,9371659,4/3/16,14,18,NBA
584,9371660,4/10/16,14,16,NBA
585,9371661,4/14/16,14,10,NBA
586,9370556,3/8/16,14,22,NBA
587,9370559,3/12/16,14,28,NBA
588,9341697,3/12/16,58,78,NHL
589,9341703,3/13/16,58,70,NHL
590,9341711,3/24/16,58,62,NHL
591,9341745,4/7/16,58,80,NHL
592,9341715,3/26/16,58,82,NHL
593,9341722,3/28/16,58,56,NHL
594,9341691,3/11/16,58,108,NHL
595,9341726,4/1/16,58,102,NHL
596,9445376,7/28/16,5644,5645,MLB
597,9445378,7/29/16,5644,5645,MLB
598,9445290,8/10/16,5644,1062,MLB
599,9445291,8/11/16,5644,1062,MLB
600,9445292,4/30/16,5644,5643,MLB
601,9445293,5/1/16,5644,5643,MLB
602,9445294,4/29/16,5644,5643,MLB
603,9445295,4/27/16,5644,5164,MLB
604,9445296,4/28/16,5644,5164,MLB
605,9445297,4/28/16,5644,5164,MLB
606,9445298,8/17/16,5644,5164,MLB
607,9445299,8/18/16,5644,5164,MLB
608,9445300,8/18/16,5644,5164,MLB
609,9445301,9/16/16,5644,5164,MLB
610,9445302,9/16/16,5644,5164,MLB
611,9445303,9/17/16,5644,5164,MLB
612,9445304,9/18/16,5644,5164,MLB
613,9445305,6/21/16,5644,5651,MLB
614,9445306,6/22/16,5644,5651,MLB
615,9445307,6/22/16,5644,5651,MLB
616,9445308,8/12/16,5644,5651,MLB
617,9445309,9/23/16,5644,5651,MLB
618,9445310,8/12/16,5644,5651,MLB
619,9445311,8/13/16,5644,5651,MLB
620,9445312,8/14/16,5644,5651,MLB
621,9445313,9/24/16,5644,5651,MLB
622,9445314,9/25/16,5644,5651,MLB
623,9445315,6/3/16,5644,68,MLB
624,9445316,6/4/16,5644,68,MLB
625,9445317,6/5/16,5644,68,MLB
626,9445318,5/30/16,5644,1061,MLB
627,9445319,6/1/16,5644,1061,MLB
628,9445320,6/2/16,5644,1061,MLB
629,9445321,6/2/16,5644,1061,MLB
630,9445322,9/2/16,5644,2,MLB
631,9445323,9/2/16,5644,2,MLB
632,9445324,9/3/16,5644,2,MLB
633,9445325,9/4/16,5644,2,MLB
634,9445326,7/29/16,5644,1043,MLB
635,9445327,7/30/16,5644,1043,MLB
636,9445328,7/31/16,5644,1043,MLB
637,9445329,8/2/16,5644,4342,MLB
638,9445330,8/3/16,5644,4342,MLB
639,9445331,8/3/16,5644,4342,MLB
640,9445332,7/19/16,5644,5649,MLB
641,9445333,7/20/16,5644,5649,MLB
642,9445334,7/20/16,5644,5649,MLB
643,9445335,5/6/16,5644,7547,MLB
644,9445336,5/6/16,5644,7547,MLB
645,9445337,5/7/16,5644,7547,MLB
646,9445338,5/8/16,5644,7547,MLB
647,9445339,5/10/16,5644,42,MLB
648,9445341,5/11/16,5644,42,MLB
649,9445342,5/12/16,5644,42,MLB
650,9445344,5/27/16,5644,4344,MLB
651,9445345,5/28/16,5644,4344,MLB
652,9445347,5/29/16,5644,4344,MLB
653,9445348,5/13/16,5644,4802,MLB
654,9445349,8/30/16,5644,4802,MLB
655,9445351,8/31/16,5644,4802,MLB
656,9445352,9/1/16,5644,4802,MLB
657,9445354,5/14/16,5644,4802,MLB
658,9445355,5/15/16,5644,4802,MLB
659,9445356,6/17/16,5644,4802,MLB
660,9445357,6/19/16,5644,4802,MLB
661,9445358,6/20/16,5644,4802,MLB
662,9445359,7/15/16,5644,4343,MLB
663,9445360,7/16/16,5644,4343,MLB
664,9445361,7/17/16,5644,4343,MLB
665,9445362,4/12/16,5644,4862,MLB
666,9445363,4/14/16,5644,4862,MLB
667,9445364,4/15/16,5644,4862,MLB
668,9445365,7/4/16,5644,4862,MLB
669,9445366,7/5/16,5644,4862,MLB
670,9445367,7/6/16,5644,4862,MLB
671,9445368,9/20/16,5644,4862,MLB
672,9445369,9/21/16,5644,4862,MLB
673,9445370,9/22/16,5644,4862,MLB
674,9445371,4/15/16,5644,5646,MLB
675,9445372,4/16/16,5644,5646,MLB
676,9445375,4/17/16,5644,5646,MLB
677,9342051,3/19/16,60,58,NHL
678,9342053,3/29/16,60,70,NHL
679,9342055,3/31/16,60,74,NHL
680,9342057,4/2/16,60,62,NHL
681,9342066,4/9/16,60,52,NHL
682,9342037,3/8/16,60,54,NHL
683,9342040,3/11/16,60,64,NHL
684,9342045,3/13/16,60,80,NHL
685,9444224,6/11/16,5646,42,MLB
686,9444225,6/12/16,5646,42,MLB
687,9444226,6/15/16,5646,5650,MLB
688,9444227,6/15/16,5646,5650,MLB
689,9444230,6/24/16,5646,68,MLB
690,9444231,6/25/16,5646,68,MLB
691,9444232,6/25/16,5646,68,MLB
692,9444233,6/26/16,5646,68,MLB
693,9444236,6/28/16,5646,7548,MLB
694,9444237,6/29/16,5646,7548,MLB
695,9444238,6/29/16,5646,7548,MLB
696,9444239,7/8/16,5646,4344,MLB
697,9444240,7/9/16,5646,4344,MLB
698,9444242,7/10/16,5646,4344,MLB
699,9444243,7/10/16,5646,4344,MLB
700,9444244,7/19/16,5646,5652,MLB
701,9444245,7/20/16,5646,5652,MLB
702,9444246,7/20/16,5646,5652,MLB
703,9444247,7/22/16,5646,5643,MLB
704,9444248,7/23/16,5646,5643,MLB
705,9444249,7/24/16,5646,5643,MLB
706,9444250,7/24/16,5646,5643,MLB
707,9444251,8/3/16,5646,1061,MLB
708,9444252,8/4/16,5646,1061,MLB
709,9444253,8/5/16,5646,1061,MLB
710,9444254,8/6/16,5646,4342,MLB
711,9444255,8/7/16,5646,4342,MLB
712,9444256,8/7/16,5646,4342,MLB
713,9444257,8/9/16,5646,4343,MLB
714,9444258,8/9/16,5646,4343,MLB
715,9444259,8/16/16,5646,7547,MLB
716,9444260,8/17/16,5646,7547,MLB
717,9444262,8/17/16,5646,7547,MLB
718,9444264,8/20/16,5646,5644,MLB
719,9444267,8/21/16,5646,5644,MLB
720,9444268,8/21/16,5646,5644,MLB
721,9444273,8/30/16,5646,1061,MLB
722,9444274,8/31/16,5646,1061,MLB
723,9444276,8/31/16,5646,1061,MLB
724,9444277,9/3/16,5646,68,MLB
725,9444278,9/4/16,5646,68,MLB
726,9444279,9/4/16,5646,68,MLB
727,9444280,9/5/16,5646,2,MLB
728,9444281,9/7/16,5646,2,MLB
729,9444282,9/8/16,5646,2,MLB
730,9444283,9/17/16,5646,42,MLB
731,9444284,9/18/16,5646,42,MLB
732,9444285,9/18/16,5646,42,MLB
733,9444286,9/20/16,5646,5651,MLB
734,9444287,9/21/16,5646,5651,MLB
735,9444288,9/21/16,5646,5651,MLB
736,9444289,10/1/16,5646,5164,MLB
737,9444290,10/2/16,5646,5164,MLB
738,9444291,10/2/16,5646,5164,MLB
739,9444172,4/8/16,5646,42,MLB
740,9444174,4/10/16,5646,42,MLB
741,9444176,4/10/16,5646,42,MLB
742,9444177,4/13/16,5646,2,MLB
743,9444178,4/14/16,5646,2,MLB
744,9444179,4/14/16,5646,2,MLB
745,9444180,4/23/16,5646,1061,MLB
746,9444181,4/24/16,5646,1061,MLB
747,9444182,4/24/16,5646,1061,MLB
748,9444183,4/26/16,5646,4802,MLB
749,9444184,4/27/16,5646,4802,MLB
750,9444186,4/28/16,5646,4802,MLB
751,9444189,4/28/16,5646,4802,MLB
752,9444199,5/10/16,5646,68,MLB
753,9444200,5/11/16,5646,68,MLB
754,9444201,5/11/16,5646,68,MLB
755,9444203,5/14/16,5646,5649,MLB
756,9444206,5/15/16,5646,5649,MLB
757,9444211,5/15/16,5646,5649,MLB
758,9444212,5/28/16,5646,2,MLB
759,9444214,5/28/16,5646,2,MLB
760,9444217,5/29/16,5646,2,MLB
761,9444219,5/30/16,5646,4862,MLB
762,9444220,6/1/16,5646,4862,MLB
763,9444221,6/2/16,5646,4862,MLB
764,9444222,6/3/16,5646,4862,MLB
765,9444223,6/11/16,5646,42,MLB
766,9371010,3/25/16,18,26,NBA
767,9371014,3/26/16,18,24,NBA
768,9371018,3/29/16,18,335486,NBA
769,9371022,4/1/16,18,34,NBA
770,9371024,4/8/16,18,32,NBA
771,9371027,4/12/16,18,28,NBA
772,9370989,3/6/16,18,2562,NBA
773,9370994,3/16/16,18,24,NBA
774,9370997,3/18/16,18,46,NBA
775,9371000,3/19/16,18,6,NBA
776,9371004,3/21/16,18,22,NBA
777,9371006,3/23/16,18,30,NBA
778,9342240,4/5/16,62,60,NHL
779,9342208,3/13/16,62,102,NHL
780,9342245,4/9/16,62,66,NHL
781,9342215,3/15/16,62,60,NHL
782,9342220,3/20/16,62,88,NHL
783,9342224,3/22/16,62,48,NHL
784,9342230,3/26/16,62,78,NHL
785,9342199,3/9/16,62,100,NHL
786,9342202,3/11/16,62,56,NHL
787,9342235,3/29/16,62,58,NHL
788,9443072,5/25/16,4782,4692,MLB
789,9443073,5/26/16,4782,4692,MLB
790,9443074,5/27/16,4782,4692,MLB
791,9443075,5/21/16,4782,4343,MLB
792,9443076,5/21/16,4782,4343,MLB
793,9443077,5/22/16,4782,4343,MLB
794,9443078,8/6/16,4782,4343,MLB
795,9443079,8/6/16,4782,4343,MLB
796,9443080,8/7/16,4782,4343,MLB
797,9443081,9/13/16,4782,4343,MLB
798,9443082,9/14/16,4782,4343,MLB
799,9443083,9/15/16,4782,4343,MLB
800,9443084,8/27/16,4782,5652,MLB
801,9443085,8/27/16,4782,5652,MLB
802,9443086,8/28/16,4782,5652,MLB
803,9443087,4/23/16,4782,4322,MLB
804,9443088,4/23/16,4782,4322,MLB
805,9443089,4/25/16,4782,4322,MLB
806,9443090,6/18/16,4782,4862,MLB
807,9443091,6/18/16,4782,4862,MLB
808,9443092,6/19/16,4782,4862,MLB
809,9443093,4/12/16,4782,5647,MLB
810,9443094,4/13/16,4782,5647,MLB
811,9443095,4/14/16,4782,5647,MLB
812,9443096,4/15/16,4782,5647,MLB
813,9443097,4/16/16,4782,4182,MLB
814,9443098,4/16/16,4782,4182,MLB
815,9443099,4/17/16,4782,4182,MLB
816,9443100,5/3/16,4782,5648,MLB
817,9443101,5/4/16,4782,5648,MLB
818,9443102,5/5/16,4782,5648,MLB
819,9443103,7/2/16,4782,5645,MLB
820,9443104,7/2/16,4782,5645,MLB
821,9443105,7/3/16,4782,5645,MLB
822,9443106,7/26/16,4782,5650,MLB
823,9443107,7/27/16,4782,5650,MLB
824,9443108,7/28/16,4782,5650,MLB
825,9465640,4/1/16,4782,5164,MLB
826,9465641,4/1/16,4782,5164,MLB
827,9443028,6/21/16,4782,1062,MLB
828,9443029,6/22/16,4782,1062,MLB
829,9443030,6/22/16,4782,1062,MLB
830,9443031,7/23/16,4782,1062,MLB
831,9443032,7/23/16,4782,1062,MLB
832,9443033,7/24/16,4782,1062,MLB
833,9443034,9/23/16,4782,1062,MLB
834,9443035,9/24/16,4782,1062,MLB
835,9443036,9/24/16,4782,1062,MLB
836,9443037,9/25/16,4782,1062,MLB
837,9443038,6/4/16,4782,4,MLB
838,9443039,6/4/16,4782,4,MLB
839,9443040,6/5/16,4782,4,MLB
840,9443041,7/8/16,4782,4,MLB
841,9443042,7/9/16,4782,4,MLB
842,9443043,7/9/16,4782,4,MLB
843,9443044,7/10/16,4782,4,MLB
844,9443045,8/30/16,4782,4,MLB
845,9443046,8/31/16,4782,4,MLB
846,9443047,8/31/16,4782,4,MLB
847,9443048,8/2/16,4782,7548,MLB
848,9443049,8/3/16,4782,7548,MLB
849,9443050,8/4/16,4782,7548,MLB
850,9443051,8/5/16,4782,7548,MLB
851,9443052,8/17/16,4782,5651,MLB
852,9443053,8/17/16,4782,5651,MLB
853,9443054,9/10/16,4782,5644,MLB
854,9443055,9/10/16,4782,5644,MLB
855,9443056,9/11/16,4782,5644,MLB
856,9443057,6/2/16,4782,68,MLB
857,9443058,6/2/16,4782,68,MLB
858,9443059,5/10/16,4782,4882,MLB
859,9443060,5/11/16,4782,4882,MLB
860,9443061,5/11/16,4782,4882,MLB
861,9443062,5/6/16,4782,1043,MLB
862,9443063,5/7/16,4782,1043,MLB
863,9443064,5/7/16,4782,1043,MLB
864,9443065,5/8/16,4782,1043,MLB
865,9443066,7/4/16,4782,1043,MLB
866,9443067,7/6/16,4782,1043,MLB
867,9443068,7/7/16,4782,1043,MLB
868,9443069,9/27/16,4782,1043,MLB
869,9443070,9/28/16,4782,1043,MLB
870,9443071,9/28/16,4782,1043,MLB
871,9370844,3/8/16,20,3042,NBA
872,9370847,3/15/16,20,2744,NBA
873,9370850,3/17/16,20,12,NBA
874,9370854,3/19/16,20,335486,NBA
875,9370858,3/21/16,20,10,NBA
876,9370860,3/24/16,20,3084,NBA
877,9370862,3/27/16,20,36,NBA
878,9370864,3/29/16,20,14,NBA
879,9370866,3/31/16,20,30,NBA
880,9370867,4/6/16,20,16,NBA
881,9370868,4/10/16,20,6,NBA
882,9370870,4/12/16,20,8,NBA
883,9342402,3/6/16,64,100,NHL
884,9342407,3/13/16,64,70,NHL
885,9342411,3/15/16,64,102,NHL
886,9342413,3/19/16,64,62,NHL
887,9342415,3/22/16,64,84,NHL
888,9342417,3/26/16,64,48,NHL
889,9342419,4/5/16,64,82,NHL
890,9342422,4/7/16,64,60,NHL
891,9445634,5/2/16,5164,1062,MLB
892,9445635,4/9/16,5164,4782,MLB
893,9445636,4/9/16,5164,4782,MLB
894,9445637,4/10/16,5164,4782,MLB
895,9445638,4/4/16,5164,2,MLB
896,9445639,4/6/16,5164,2,MLB
897,9445640,4/6/16,5164,2,MLB
898,9445644,4/30/16,5164,4342,MLB
899,9445647,4/30/16,5164,4342,MLB
900,9445648,5/1/16,5164,4342,MLB
901,9445650,4/23/16,5164,4344,MLB
902,9445652,4/23/16,5164,4344,MLB
903,9445653,4/24/16,5164,4344,MLB
904,9445655,4/21/16,5164,5648,MLB
905,9445656,4/21/16,5164,5648,MLB
906,9445658,5/4/16,5164,1062,MLB
907,9445660,5/4/16,5164,1062,MLB
908,9445662,5/13/16,5164,42,MLB
909,9445664,5/14/16,5164,42,MLB
910,9445666,5/14/16,5164,42,MLB
911,9445667,5/15/16,5164,42,MLB
912,9445670,5/18/16,5164,5644,MLB
913,9445672,5/19/16,5164,5644,MLB
914,9445673,5/19/16,5164,5644,MLB
915,9445675,5/29/16,5164,4862,MLB
916,9445676,5/28/16,5164,4862,MLB
917,9445678,5/28/16,5164,4862,MLB
918,9445681,5/30/16,5164,5651,MLB
919,9445683,6/1/16,5164,5651,MLB
920,9445685,6/1/16,5164,5651,MLB
921,9445688,6/8/16,5164,4,MLB
922,9445690,6/9/16,5164,4,MLB
923,9445693,6/10/16,5164,5649,MLB
924,9445694,6/11/16,5164,5649,MLB
925,9445696,6/11/16,5164,5649,MLB
926,9445698,6/12/16,5164,5649,MLB
927,9445702,6/25/16,5164,7547,MLB
928,9445704,6/25/16,5164,7547,MLB
929,9445705,6/26/16,5164,7547,MLB
930,9445711,6/29/16,5164,1061,MLB
931,9445712,6/30/16,5164,1061,MLB
932,9445713,6/30/16,5164,1061,MLB
933,9445716,7/9/16,5164,5651,MLB
934,9445717,7/9/16,5164,5651,MLB
935,9445718,7/10/16,5164,5651,MLB
936,9445719,7/23/16,5164,5644,MLB
937,9445720,7/23/16,5164,5644,MLB
938,9445721,7/24/16,5164,5644,MLB
939,9445722,7/25/16,5164,68,MLB
940,9445723,7/27/16,5164,68,MLB
941,9445724,7/28/16,5164,68,MLB
942,9445725,7/28/16,5164,68,MLB
943,9445726,7/30/16,5164,4802,MLB
944,9445727,7/30/16,5164,4802,MLB
945,9445728,7/31/16,5164,4802,MLB
946,9445729,8/8/16,5164,5643,MLB
947,9445730,8/9/16,5164,5643,MLB
948,9445731,8/11/16,5164,5643,MLB
949,9445732,8/11/16,5164,5643,MLB
950,9445733,8/13/16,5164,4862,MLB
951,9445734,8/13/16,5164,4862,MLB
952,9445735,8/14/16,5164,4862,MLB
953,9445736,8/22/16,5164,5646,MLB
954,9445737,8/24/16,5164,5646,MLB
955,9445738,8/24/16,5164,5646,MLB
956,9445739,8/26/16,5164,4802,MLB
957,9445740,8/27/16,5164,4802,MLB
958,9445741,8/27/16,5164,4802,MLB
959,9445742,8/28/16,5164,4802,MLB
960,9445743,8/29/16,5164,5651,MLB
961,9445744,8/31/16,5164,5651,MLB
962,9445745,9/1/16,5164,5651,MLB
963,9445746,9/5/16,5164,5644,MLB
964,9445747,9/7/16,5164,5644,MLB
965,9445748,9/8/16,5164,5644,MLB
966,9445749,9/21/16,5164,4802,MLB
967,9445750,9/22/16,5164,4802,MLB
968,9445751,9/23/16,5164,4802,MLB
969,9445752,9/24/16,5164,4862,MLB
970,9445753,9/24/16,5164,4862,MLB
971,9445754,9/25/16,5164,4862,MLB
972,9370722,4/14/16,22,20,NBA
973,9370693,3/16/16,22,12,NBA
974,9370697,3/18/16,22,38,NBA
975,9370700,3/20/16,22,3082,NBA
976,9370690,3/13/16,22,3084,NBA
977,9370706,3/27/16,22,26,NBA
978,9370710,3/31/16,22,44,NBA
979,9370712,4/2/16,22,30,NBA
980,9370681,3/6/16,22,335486,NBA
981,9370715,4/3/16,22,14,NBA
982,9370685,3/10/16,22,28,NBA
983,9370718,4/6/16,22,16,NBA
984,9445248,5/16/16,4882,4862,MLB
985,9445249,5/17/16,4882,4862,MLB
986,9445250,5/3/16,4882,4182,MLB
987,9445251,5/4/16,4882,4182,MLB
988,9445258,5/5/16,4882,4182,MLB
989,9445259,7/4/16,4882,4182,MLB
990,9445260,7/5/16,4882,4182,MLB
991,9445261,7/6/16,4882,4182,MLB
992,9445262,9/16/16,4882,4182,MLB
993,9445263,9/17/16,4882,4182,MLB
994,9445264,9/18/16,4882,4182,MLB
995,9445265,5/13/16,4882,5648,MLB
996,9445266,5/14/16,4882,5648,MLB
997,9445267,5/15/16,4882,5648,MLB
998,9445268,8/1/16,4882,5648,MLB
999,9445269,8/2/16,4882,5648,MLB
1000,9445270,8/3/16,4882,5648,MLB
1001,9445271,8/4/16,4882,5648,MLB
1002,9445273,8/29/16,4882,5648,MLB
1003,9445274,8/30/16,4882,5648,MLB
1004,9445275,8/31/16,4882,5648,MLB
1005,9445276,6/17/16,4882,5645,MLB
1006,9445277,6/18/16,4882,5645,MLB
1007,9445278,6/19/16,4882,5645,MLB
1008,9445279,8/16/16,4882,5645,MLB
1009,9445280,8/17/16,4882,5645,MLB
1010,9445281,8/18/16,4882,5645,MLB
1011,9445282,9/23/16,4882,5645,MLB
1012,9445283,9/24/16,4882,5645,MLB
1013,9445284,9/25/16,4882,5645,MLB
1014,9445285,7/7/16,4882,5650,MLB
1015,9445286,7/8/16,4882,5650,MLB
1016,9445287,7/9/16,4882,5650,MLB
1017,9445289,7/10/16,4882,5650,MLB
1018,9445179,8/11/16,4882,1062,MLB
1019,9445180,8/12/16,4882,1062,MLB
1020,9445183,8/13/16,4882,1062,MLB
1021,9445184,8/14/16,4882,1062,MLB
1022,9445185,9/5/16,4882,4782,MLB
1023,9445186,9/6/16,4882,4782,MLB
1024,9445187,9/7/16,4882,4782,MLB
1025,9445188,9/8/16,4882,4782,MLB
1026,9445189,7/29/16,4882,4,MLB
1027,9445190,7/30/16,4882,4,MLB
1028,9445191,7/31/16,4882,4,MLB
1029,9445192,8/19/16,4882,7548,MLB
1030,9445193,8/20/16,4882,7548,MLB
1031,9445194,8/21/16,4882,7548,MLB
1032,9445195,4/19/16,4882,1043,MLB
1033,9445197,4/20/16,4882,1043,MLB
1034,9445198,4/21/16,4882,1043,MLB
1035,9445200,9/2/16,4882,4342,MLB
1036,9445203,9/3/16,4882,4342,MLB
1037,9445206,9/4/16,4882,4342,MLB
1038,9445207,4/15/16,4882,5649,MLB
1039,9445208,4/16/16,4882,5649,MLB
1040,9445210,4/17/16,4882,5649,MLB
1041,9445212,7/26/16,4882,7547,MLB
1042,9445214,7/27/16,4882,7547,MLB
1043,9445215,5/27/16,4882,4692,MLB
1044,9445216,5/28/16,4882,4692,MLB
1045,9445217,5/29/16,4882,4692,MLB
1046,9445220,5/30/16,4882,4343,MLB
1047,9445223,5/31/16,4882,4343,MLB
1048,9445224,6/1/16,4882,4343,MLB
1049,9445226,5/6/16,4882,5647,MLB
1050,9445228,5/7/16,4882,5647,MLB
1051,9445229,5/8/16,4882,5647,MLB
1052,9445230,6/2/16,4882,5647,MLB
1053,9445232,6/3/16,4882,5647,MLB
1054,9445234,6/4/16,4882,5647,MLB
1055,9445235,6/5/16,4882,5647,MLB
1056,9445236,9/20/16,4882,5647,MLB
1057,9445238,9/21/16,4882,5647,MLB
1058,9445239,9/22/16,4882,5647,MLB
1059,9445241,6/20/16,4882,5652,MLB
1060,9445242,6/21/16,4882,5652,MLB
1061,9445243,6/22/16,4882,5652,MLB
1062,9445244,4/4/16,4882,4322,MLB
1063,9445245,4/6/16,4882,4322,MLB
1064,9445246,4/7/16,4882,4322,MLB
1065,9371165,3/13/16,24,38,NBA
1066,9371166,3/13/16,24,20,NBA
1067,9371168,3/18/16,24,2864,NBA
1068,9371171,3/19/16,24,36,NBA
1069,9371173,3/22/16,24,32,NBA
1070,9371176,3/26/16,24,22,NBA
1071,9371178,4/2/16,24,16,NBA
1072,9371181,4/6/16,24,44,NBA
1073,9371184,4/8/16,24,12,NBA
1074,9371188,4/9/16,24,2744,NBA
1075,9342241,3/15/16,70,66,NHL
1076,9342244,3/17/16,70,60,NHL
1077,9342248,3/19/16,70,56,NHL
1078,9342250,3/21/16,70,88,NHL
1079,9342253,3/24/16,70,48,NHL
1080,9342254,3/26/16,70,54,NHL
1081,9342257,4/2/16,70,58,NHL
1082,9342259,4/4/16,70,60,NHL
1083,9342263,4/6/16,70,72,NHL
1084,9342233,3/8/16,70,56,NHL
1085,9342237,3/10/16,70,76,NHL
1086,9444992,8/6/16,5647,7548,MLB
1087,9444994,8/6/16,5647,7548,MLB
1088,9444995,8/7/16,5647,7548,MLB
1089,9444999,9/12/16,5647,4,MLB
1090,9445000,9/13/16,5647,4,MLB
1091,9445002,9/14/16,5647,4,MLB
1092,9445015,7/26/16,5647,1062,MLB
1093,9445006,9/15/16,5647,4,MLB
1094,9445008,6/25/16,5647,4782,MLB
1095,9444881,8/30/16,5647,5650,MLB
1096,9445010,6/25/16,5647,4782,MLB
1097,9445012,6/26/16,5647,4782,MLB
1098,9444885,9/1/16,5647,5650,MLB
1099,9444887,5/27/16,5647,5645,MLB
1100,9445016,7/27/16,5647,1062,MLB
1101,9444889,5/28/16,5647,5645,MLB
1102,9444890,5/28/16,5647,5645,MLB
1103,9444891,5/29/16,5647,5645,MLB
1104,9444892,8/10/16,5647,5645,MLB
1105,9444894,8/11/16,5647,5645,MLB
1106,9444896,8/12/16,5647,5645,MLB
1107,9444897,9/17/16,5647,5645,MLB
1108,9444898,9/17/16,5647,5645,MLB
1109,9444899,9/18/16,5647,5645,MLB
1110,9444902,4/9/16,5647,5648,MLB
1111,9444904,4/9/16,5647,5648,MLB
1112,9444905,4/10/16,5647,5648,MLB
1113,9444908,8/19/16,5647,5648,MLB
1114,9444909,8/20/16,5647,5648,MLB
1115,9444910,8/20/16,5647,5648,MLB
1116,9444911,8/21/16,5647,5648,MLB
1117,9444913,9/27/16,5647,5648,MLB
1118,9444914,9/28/16,5647,5648,MLB
1119,9444915,9/29/16,5647,5648,MLB
1120,9444916,4/19/16,5647,4182,MLB
1121,9444917,4/20/16,5647,4182,MLB
1122,9444918,4/21/16,5647,4182,MLB
1123,9444919,6/17/16,5647,4182,MLB
1124,9444920,6/18/16,5647,4182,MLB
1125,9444921,6/19/16,5647,4182,MLB
1126,9444922,6/19/16,5647,4182,MLB
1127,9444923,9/3/16,5647,4182,MLB
1128,9444924,9/3/16,5647,4182,MLB
1129,9444927,9/4/16,5647,4182,MLB
1130,9444931,5/16/16,5647,4322,MLB
1131,9444934,5/18/16,5647,4322,MLB
1132,9444936,5/18/16,5647,4322,MLB
1133,9444938,5/31/16,5647,5652,MLB
1134,9444941,6/1/16,5647,5652,MLB
1135,9444942,6/2/16,5647,5652,MLB
1136,9444943,7/23/16,5647,4343,MLB
1137,9444944,7/23/16,5647,4343,MLB
1138,9444945,7/24/16,5647,4343,MLB
1139,9444946,4/23/16,5647,4692,MLB
1140,9444947,4/23/16,5647,4692,MLB
1141,9444949,4/24/16,5647,4692,MLB
1142,9444953,5/3/16,5647,7547,MLB
1143,9444958,5/4/16,5647,7547,MLB
1144,9444961,5/4/16,5647,7547,MLB
1145,9444962,4/4/16,5647,5649,MLB
1146,9444963,4/5/16,5647,5649,MLB
1147,9444964,7/8/16,5647,1043,MLB
1148,9444965,7/9/16,5647,1043,MLB
1149,9445017,7/28/16,5647,1062,MLB
1150,9444970,7/10/16,5647,1043,MLB
1151,9444972,6/14/16,5647,4882,MLB
1152,9444882,8/31/16,5647,5650,MLB
1153,9444974,6/15/16,5647,4882,MLB
1154,9444976,6/16/16,5647,4882,MLB
1155,9444968,7/9/16,5647,1043,MLB
1156,9444978,7/19/16,5647,4882,MLB
1157,9444980,7/20/16,5647,4882,MLB
1158,9444981,7/20/16,5647,4882,MLB
1159,9444982,10/1/16,5647,4882,MLB
1160,9444983,10/1/16,5647,4882,MLB
1161,9444984,10/2/16,5647,4882,MLB
1162,9444985,6/28/16,5647,5651,MLB
1163,9444986,6/29/16,5647,5651,MLB
1164,9444987,5/14/16,5647,5643,MLB
1165,9444988,5/14/16,5647,5643,MLB
1166,9444989,5/15/16,5647,5643,MLB
1167,9371038,3/8/16,26,2986,NBA
1168,9371041,3/10/16,26,3084,NBA
1169,9371044,3/12/16,26,18,NBA
1170,9371047,3/13/16,26,36,NBA
1171,9371050,3/14/16,26,34,NBA
1172,9371055,3/16/16,26,30,NBA
1173,9371060,3/19/16,26,2864,NBA
1174,9371064,3/21/16,26,3042,NBA
1175,9371073,4/1/16,26,10,NBA
1176,9371076,4/8/16,26,6,NBA
1177,9371080,4/14/16,26,30,NBA
1178,9342432,3/22/16,72,80,NHL
1179,9342433,3/24/16,72,52,NHL
1180,9342434,4/4/16,72,78,NHL
1181,9342435,4/9/16,72,50,NHL
1182,9342427,3/9/16,72,58,NHL
1183,9342428,3/12/16,72,82,NHL
1184,9342429,3/13/16,72,66,NHL
1185,9342430,3/17/16,72,58,NHL
1186,9342431,3/19/16,72,74,NHL
1187,9445312,8/14/16,5651,5651,MLB
1188,9445313,9/24/16,5651,5651,MLB
1189,9445314,9/25/16,5651,5651,MLB
1190,9445305,6/21/16,5651,5651,MLB
1191,9445306,6/22/16,5651,5651,MLB
1192,9445307,6/22/16,5651,5651,MLB
1193,9445308,8/12/16,5651,5651,MLB
1194,9445309,9/23/16,5651,5651,MLB
1195,9445310,8/12/16,5651,5651,MLB
1196,9445311,8/13/16,5651,5651,MLB
1197,9370787,3/6/16,28,10,NBA
1198,9370793,3/14/16,28,2864,NBA
1199,9370800,3/17/16,28,26,NBA
1200,9370805,3/19/16,28,16,NBA
1201,9370809,3/25/16,28,30,NBA
1202,9370815,3/28/16,28,6,NBA
1203,9370820,4/5/16,28,18,NBA
1204,9370824,4/8/16,28,14,NBA
1205,9370831,4/10/16,28,30,NBA
1206,9341378,4/9/16,74,70,NHL
1207,9341350,3/6/16,74,82,NHL
1208,9341356,3/17/16,74,102,NHL
1209,9341361,3/20/16,74,72,NHL
1210,9341366,3/25/16,74,84,NHL
1211,9341369,3/29/16,74,54,NHL
1212,9341372,4/5/16,74,56,NHL
1213,9341375,4/7/16,74,66,NHL
1214,9371267,4/6/16,30,18,NBA
1215,9371269,4/8/16,30,28,NBA
1216,9371271,4/11/16,30,22,NBA
1217,9371250,3/15/16,30,2864,NBA
1218,9371253,3/18/16,30,16,NBA
1219,9371255,3/26/16,30,14,NBA
1220,9371258,3/29/16,30,6,NBA
1221,9371263,4/3/16,30,38,NBA
1222,9342210,3/9/16,76,82,NHL
1223,9342214,3/14/16,76,60,NHL
1224,9342246,4/4/16,76,66,NHL
1225,9342252,4/9/16,76,56,NHL
1226,9342242,4/2/16,76,82,NHL
1227,9342223,3/21/16,76,80,NHL
1228,9342194,4/10/16,76,80,NHL
1229,9342227,3/23/16,76,64,NHL
1230,9342232,3/29/16,76,52,NHL
1231,9342238,3/31/16,76,72,NHL
1232,9441920,4/20/16,4322,5652,MLB
1233,9441921,4/21/16,4322,5652,MLB
1234,9441922,7/8/16,4322,5652,MLB
1235,9441923,7/9/16,4322,5652,MLB
1236,9441924,7/10/16,4322,5652,MLB
1237,9441925,8/29/16,4322,5652,MLB
1238,9441926,8/30/16,4322,5652,MLB
1239,9441927,8/31/16,4322,5652,MLB
1240,9441928,5/24/16,4322,5646,MLB
1241,9441929,5/25/16,4322,5646,MLB
1242,9441930,5/26/16,4322,5646,MLB
1243,9441931,8/26/16,4322,5647,MLB
1244,9441932,8/27/16,4322,5647,MLB
1245,9441933,8/28/16,4322,5647,MLB
1246,9441934,7/25/16,4322,4182,MLB
1247,9441935,7/26/16,4322,4182,MLB
1248,9441937,7/27/16,4322,4182,MLB
1249,9441938,7/22/16,4322,5648,MLB
1250,9441939,7/21/16,4322,5648,MLB
1251,9441940,7/23/16,4322,5648,MLB
1252,9441942,7/24/16,4322,5648,MLB
1253,9441944,6/20/16,4322,5645,MLB
1254,9441945,6/21/16,4322,5645,MLB
1255,9441946,6/22/16,4322,5645,MLB
1256,9441947,6/23/16,4322,5645,MLB
1257,9441949,4/29/16,4322,5650,MLB
1258,9441950,4/30/16,4322,5650,MLB
1259,9441951,5/2/16,4322,5650,MLB
1260,9441952,8/9/16,4322,5650,MLB
1261,9441953,8/10/16,4322,5650,MLB
1262,9441954,8/11/16,4322,5650,MLB
1263,9441955,9/15/16,4322,5650,MLB
1264,9441956,9/16/16,4322,5650,MLB
1265,9441957,9/17/16,4322,5650,MLB
1266,9441958,9/18/16,4322,5650,MLB
1267,9441861,7/1/16,4322,1062,MLB
1268,9441864,7/2/16,4322,1062,MLB
1269,9441865,7/3/16,4322,1062,MLB
1270,9441866,5/12/16,4322,4782,MLB
1271,9441868,5/13/16,4322,4782,MLB
1272,9441871,5/14/16,4322,4782,MLB
1273,9441872,5/15/16,4322,4782,MLB
1274,9441873,5/9/16,4322,4,MLB
1275,9441874,5/10/16,4322,4,MLB
1276,9441875,5/11/16,4322,4,MLB
1277,9441876,4/15/16,4322,7548,MLB
1278,9441877,4/16/16,4322,7548,MLB
1279,9441878,4/17/16,4322,7548,MLB
1280,9441879,4/18/16,4322,7548,MLB
1281,9441880,6/3/16,4322,7548,MLB
1282,9441881,6/4/16,4322,7548,MLB
1283,9441882,6/5/16,4322,7548,MLB
1284,9441883,9/30/16,4322,7548,MLB
1285,9441884,10/1/16,4322,7548,MLB
1286,9441885,10/2/16,4322,7548,MLB
1287,9441886,4/27/16,4322,5643,MLB
1288,9441888,4/28/16,4322,5643,MLB
1289,9441889,8/12/16,4322,68,MLB
1290,9441890,8/13/16,4322,68,MLB
1291,9441892,8/14/16,4322,68,MLB
1292,9441893,7/19/16,4322,2,MLB
1293,9441894,7/20/16,4322,2,MLB
1294,9441895,5/20/16,4322,4882,MLB
1295,9441896,5/21/16,4322,4882,MLB
1296,9441897,5/22/16,4322,4882,MLB
1297,9441898,6/17/16,4322,1043,MLB
1298,9441900,6/18/16,4322,1043,MLB
1299,9441901,6/19/16,4322,1043,MLB
1300,9441902,4/11/16,4322,4692,MLB
1301,9441903,4/12/16,4322,4692,MLB
1302,9441904,4/13/16,4322,4692,MLB
1303,9441905,6/14/16,4322,4692,MLB
1304,9441906,6/15/16,4322,4692,MLB
1305,9441907,6/16/16,4322,4692,MLB
1306,9441908,9/12/16,4322,4692,MLB
1307,9441909,9/13/16,4322,4692,MLB
1308,9441910,9/14/16,4322,4692,MLB
1309,9441911,7/4/16,4322,4343,MLB
1310,9441912,7/5/16,4322,4343,MLB
1311,9441913,7/6/16,4322,4343,MLB
1312,9441918,4/19/16,4322,5652,MLB
1313,9370599,3/14/16,32,18,NBA
1314,9370602,3/16/16,32,14,NBA
1315,9370607,3/19/16,32,8,NBA
1316,9370610,3/23/16,32,24,NBA
1317,9371900,3/25/16,32,2986,NBA
1318,9371901,4/6/16,32,6,NBA
1319,9371902,4/10/16,32,26,NBA
1320,9371903,4/14/16,32,24,NBA
1321,9341537,4/5/16,78,66,NHL
1322,9341540,4/7/16,78,76,NHL
1323,9341511,3/6/16,78,76,NHL
1324,9341545,4/9/16,78,58,NHL
1325,9341516,3/13/16,78,82,NHL
1326,9341522,3/21/16,78,60,NHL
1327,9341526,3/24/16,78,54,NHL
1328,9341529,3/27/16,78,82,NHL
1329,9341532,4/2/16,78,56,NHL
1330,9444191,10/1/16,1043,4,MLB
1331,9444228,5/31/16,1043,42,MLB
1332,9444229,5/30/16,1043,42,MLB
1333,9444297,8/4/16,1043,4322,MLB
1334,9444234,6/29/16,1043,4802,MLB
1335,9444235,6/30/16,1043,4802,MLB
1336,9444141,8/7/16,1043,1062,MLB
1337,9444298,8/5/16,1043,4322,MLB
1338,9444241,4/12/16,1043,4343,MLB
1339,9444164,9/17/16,1043,4782,MLB
1340,9444197,8/20/16,1043,5164,MLB
1341,9444143,9/3/16,1043,1062,MLB
1342,9444303,8/10/16,1043,4182,MLB
1343,9444147,9/4/16,1043,1062,MLB
1344,9444272,9/9/16,1043,4343,MLB
1345,9444261,4/13/16,1043,4343,MLB
1346,9444134,5/14/16,1043,1062,MLB
1347,9444263,4/13/16,1043,4343,MLB
1348,9444136,5/15/16,1043,1062,MLB
1349,9444188,5/26/16,1043,4,MLB
1350,9444266,6/12/16,1043,4343,MLB
1351,9444140,8/7/16,1043,1062,MLB
1352,9444269,6/12/16,1043,4343,MLB
1353,9444270,9/7/16,1043,4343,MLB
1354,9444271,9/8/16,1043,4343,MLB
1355,9444144,9/4/16,1043,1062,MLB
1356,9444275,9/5/16,1043,4343,MLB
1357,9444169,9/18/16,1043,4782,MLB
1358,9444152,4/26/16,1043,4782,MLB
1359,9444153,4/27/16,1043,4782,MLB
1360,9444155,4/28/16,1043,4782,MLB
1361,9444157,7/16/16,1043,4782,MLB
1362,9444159,7/16/16,1043,4782,MLB
1363,9444161,7/17/16,1043,4782,MLB
1364,9444299,4/30/16,1043,5647,MLB
1365,9444292,5/10/16,1043,5652,MLB
1366,9444293,5/11/16,1043,5652,MLB
1367,9444294,5/11/16,1043,5652,MLB
1368,9444295,8/2/16,1043,4322,MLB
1369,9444296,8/3/16,1043,4322,MLB
1370,9448393,8/21/16,1043,5164,MLB
1371,9444170,9/18/16,1043,4782,MLB
1372,9444171,4/9/16,1043,4,MLB
1373,9444300,5/1/16,1043,5647,MLB
1374,9444301,5/1/16,1043,5647,MLB
1375,9444302,8/9/16,1043,4182,MLB
1376,9444175,4/10/16,1043,4,MLB
1377,9444304,8/11/16,1043,4182,MLB
1378,9444305,5/28/16,1043,5648,MLB
1379,9444306,5/29/16,1043,5648,MLB
1380,9444307,5/29/16,1043,5648,MLB
1381,9444308,7/19/16,1043,5645,MLB
1382,9444309,7/20/16,1043,5645,MLB
1383,9444310,7/20/16,1043,5645,MLB
1384,9444185,5/24/16,1043,4,MLB
1385,9444314,8/24/16,1043,5650,MLB
1386,9444187,5/25/16,1043,4,MLB
1387,9444316,8/23/16,1043,5650,MLB
1388,9444317,8/24/16,1043,5650,MLB
1389,9444190,9/30/16,1043,4,MLB
1390,9444215,7/2/16,1043,4692,MLB
1391,9444192,10/2/16,1043,4,MLB
1392,9444193,10/2/16,1043,4,MLB
1393,9444194,9/20/16,1043,7548,MLB
1394,9444195,9/21/16,1043,7548,MLB
1395,9444196,9/21/16,1043,7548,MLB
1396,9444198,8/21/16,1043,5164,MLB
1397,9444173,4/10/16,1043,4,MLB
1398,9444202,6/25/16,1043,5651,MLB
1399,9444135,5/15/16,1043,1062,MLB
1400,9444204,6/26/16,1043,5651,MLB
1401,9444205,6/26/16,1043,5651,MLB
1402,9444207,6/7/16,1043,4882,MLB
1403,9444208,6/8/16,1043,4882,MLB
1404,9444209,6/9/16,1043,4882,MLB
1405,9444210,6/10/16,1043,4882,MLB
1406,9444213,7/1/16,1043,4692,MLB
1407,9444265,6/11/16,1043,4343,MLB
1408,9444216,7/3/16,1043,4692,MLB
1409,9444218,7/3/16,1043,4692,MLB
1410,9444138,8/6/16,1043,1062,MLB
1411,9371358,3/20/16,34,2562,NBA
1412,9371335,3/8/16,34,126,NBA
1413,9371340,3/10/16,34,18,NBA
1414,9371346,3/12/16,34,20,NBA
1415,9371353,3/19/16,34,124,NBA
1416,9371363,3/31/16,34,8,NBA
1417,9371367,4/7/16,34,36,NBA
1418,9371371,4/9/16,34,38,NBA
1419,9371375,4/14/16,34,3042,NBA
1420,9341729,4/2/16,80,64,NHL
1421,9341731,4/7/16,80,70,NHL
1422,9341733,4/9/16,80,82,NHL
1423,9341708,3/8/16,80,66,NHL
1424,9341712,3/15/16,80,58,NHL
1425,9341716,3/19/16,80,82,NHL
1426,9341720,3/28/16,80,108,NHL
1427,9341724,3/31/16,80,84,NHL
1428,9444480,9/13/16,4344,4802,MLB
1429,9444481,9/14/16,4344,4802,MLB
1430,9444482,9/15/16,4344,4802,MLB
1431,9455081,4/1/16,4344,4692,MLB
1432,9444486,5/13/16,4344,4862,MLB
1433,9444487,5/14/16,4344,4862,MLB
1434,9444490,5/15/16,4344,4862,MLB
1435,9444494,8/12/16,4344,5646,MLB
1436,9444495,8/13/16,4344,5646,MLB
1437,9444496,8/14/16,4344,5646,MLB
1438,9444501,7/1/16,4344,5647,MLB
1439,9444374,6/16/16,4344,7548,MLB
1440,9444503,7/2/16,4344,5647,MLB
1441,9444510,9/21/16,4344,5645,MLB
1442,9444505,7/3/16,4344,5647,MLB
1443,9444508,9/20/16,4344,5645,MLB
1444,9444381,5/21/16,4344,5643,MLB
1445,9444382,5/22/16,4344,5643,MLB
1446,9444383,7/5/16,4344,5643,MLB
1447,9444384,7/6/16,4344,5643,MLB
1448,9444386,9/2/16,4344,5643,MLB
1449,9444387,9/3/16,4344,5643,MLB
1450,9444388,9/4/16,4344,5643,MLB
1451,9444390,7/4/16,4344,5643,MLB
1452,9444393,6/2/16,4344,5164,MLB
1453,9444394,6/3/16,4344,5164,MLB
1454,9444397,6/4/16,4344,5164,MLB
1455,9444380,5/20/16,4344,5643,MLB
1456,9444400,6/5/16,4344,5164,MLB
1457,9444373,6/15/16,4344,7548,MLB
1458,9444403,8/19/16,4344,5651,MLB
1459,9444404,8/20/16,4344,5651,MLB
1460,9444405,8/21/16,4344,5651,MLB
1461,9444407,6/6/16,4344,5644,MLB
1462,9444408,6/7/16,4344,5644,MLB
1463,9444409,6/8/16,4344,5644,MLB
1464,9444415,6/17/16,4344,68,MLB
1465,9444418,6/18/16,4344,68,MLB
1466,9444419,6/19/16,4344,68,MLB
1467,9444420,6/20/16,4344,68,MLB
1468,9444421,8/16/16,4344,1061,MLB
1469,9444422,8/17/16,4344,1061,MLB
1470,9444423,8/18/16,4344,1061,MLB
1471,9444424,8/2/16,4344,2,MLB
1472,9444425,8/3/16,4344,2,MLB
1473,9444426,8/4/16,4344,2,MLB
1474,9444429,4/29/16,4344,4882,MLB
1475,9444431,4/30/16,4344,4882,MLB
1476,9444432,5/1/16,4344,4882,MLB
1477,9444436,5/16/16,4344,4342,MLB
1478,9444437,5/17/16,4344,4342,MLB
1479,9444439,5/18/16,4344,4342,MLB
1480,9444440,7/18/16,4344,4342,MLB
1481,9444441,7/19/16,4344,4342,MLB
1482,9444442,7/20/16,4344,4342,MLB
1483,9444443,7/21/16,4344,4342,MLB
1484,9444444,9/16/16,4344,4342,MLB
1485,9444446,9/17/16,4344,4342,MLB
1486,9444449,9/18/16,4344,4342,MLB
1487,9444450,4/18/16,4344,5649,MLB
1488,9444451,4/19/16,4344,5649,MLB
1489,9444452,4/20/16,4344,5649,MLB
1490,9444453,7/15/16,4344,5649,MLB
1491,9444454,7/16/16,4344,5649,MLB
1492,9444455,7/17/16,4344,5649,MLB
1493,9444456,9/30/16,4344,5649,MLB
1494,9444457,10/1/16,4344,5649,MLB
1495,9444458,10/2/16,4344,5649,MLB
1496,9444459,4/15/16,4344,7547,MLB
1497,9444460,4/16/16,4344,7547,MLB
1498,9444461,4/17/16,4344,7547,MLB
1499,9444462,5/31/16,4344,7547,MLB
1500,9444463,6/1/16,4344,7547,MLB
1501,9444464,8/29/16,4344,7547,MLB
1502,9444465,8/30/16,4344,7547,MLB
1503,9444466,8/31/16,4344,7547,MLB
1504,9444467,5/30/16,4344,7547,MLB
1505,9444471,4/11/16,4344,42,MLB
1506,9444472,4/12/16,4344,42,MLB
1507,9444474,4/13/16,4344,42,MLB
1508,9444476,4/14/16,4344,42,MLB
1509,9444479,9/12/16,4344,4802,MLB
1510,9341891,3/15/16,82,76,NHL
1511,9341893,3/17/16,82,52,NHL
1512,9341897,3/20/16,82,84,NHL
1513,9341902,3/24/16,82,74,NHL
1514,9341906,3/29/16,82,56,NHL
1515,9341911,3/31/16,82,104,NHL
1516,9341916,4/3/16,82,80,NHL
1517,9445120,9/4/16,5649,7547,MLB
1518,9445123,7/9/16,5649,7547,MLB
1519,9445125,8/12/16,5649,42,MLB
1520,9445126,8/13/16,5649,42,MLB
1521,9445128,8/14/16,5649,42,MLB
1522,9445036,9/19/16,5649,5643,MLB
1523,9445139,8/27/16,5649,4344,MLB
1524,9445134,4/8/16,5649,4344,MLB
1525,9445135,4/9/16,5649,4344,MLB
1526,9445136,4/10/16,5649,4344,MLB
1527,9445137,8/26/16,5649,4344,MLB
1528,9445044,5/20/16,5649,5164,MLB
1529,9445141,8/28/16,5649,4344,MLB
1530,9445143,9/22/16,5649,4344,MLB
1531,9445144,9/23/16,5649,4344,MLB
1532,9445146,9/24/16,5649,4344,MLB
1533,9445167,7/29/16,5649,5646,MLB
1534,9445148,9/25/16,5649,4344,MLB
1535,9445151,6/14/16,5649,4802,MLB
1536,9445152,6/15/16,5649,4802,MLB
1537,9445153,6/16/16,5649,4802,MLB
1538,9445027,5/2/16,5649,5643,MLB
1539,9445156,4/26/16,5649,4862,MLB
1540,9445158,4/27/16,5649,4862,MLB
1541,9445041,6/19/16,5649,5643,MLB
1542,9445032,6/17/16,5649,5643,MLB
1543,9445033,6/19/16,5649,5643,MLB
1544,9445164,7/28/16,5649,5646,MLB
1545,9445037,9/20/16,5649,5643,MLB
1546,9445039,9/21/16,5649,5643,MLB
1547,9445169,7/30/16,5649,5646,MLB
1548,9445170,7/31/16,5649,5646,MLB
1549,9445171,6/21/16,5649,5647,MLB
1550,9445172,6/22/16,5649,5647,MLB
1551,9445173,9/16/16,5649,5648,MLB
1552,9445174,9/17/16,5649,5648,MLB
1553,9445175,9/18/16,5649,5648,MLB
1554,9445176,5/30/16,5649,5645,MLB
1555,9445049,5/21/16,5649,5164,MLB
1556,9445178,6/1/16,5649,5645,MLB
1557,9445181,8/1/16,5649,5650,MLB
1558,9445182,8/2/16,5649,5650,MLB
1559,9445055,7/25/16,5649,5651,MLB
1560,9445057,7/26/16,5649,5651,MLB
1561,9445059,7/27/16,5649,5651,MLB
1562,9445061,6/30/16,5649,5644,MLB
1563,9445062,7/1/16,5649,5644,MLB
1564,9445063,7/2/16,5649,5644,MLB
1565,9445065,7/3/16,5649,5644,MLB
1566,9445047,5/22/16,5649,5164,MLB
1567,9445068,8/9/16,5649,68,MLB
1568,9445069,8/10/16,5649,68,MLB
1569,9445071,8/11/16,5649,68,MLB
1570,9445074,5/27/16,5649,1061,MLB
1571,9445155,4/25/16,5649,4862,MLB
1572,9445077,5/28/16,5649,1061,MLB
1573,9445177,5/31/16,5649,5645,MLB
1574,9445080,4/29/16,5649,2,MLB
1575,9445028,5/3/16,5649,5643,MLB
1576,9445084,4/30/16,5649,2,MLB
1577,9445085,5/1/16,5649,2,MLB
1578,9445086,4/11/16,5649,4342,MLB
1579,9445087,4/12/16,5649,4342,MLB
1580,9445088,4/13/16,5649,4342,MLB
1581,9445089,7/4/16,5649,4342,MLB
1582,9445090,7/5/16,5649,4342,MLB
1583,9445091,7/6/16,5649,4342,MLB
1584,9445092,8/29/16,5649,4342,MLB
1585,9445093,8/30/16,5649,4342,MLB
1586,9445094,8/31/16,5649,4342,MLB
1587,9445095,9/1/16,5649,4342,MLB
1588,9445030,5/4/16,5649,5643,MLB
1589,9445106,5/17/16,5649,7547,MLB
1590,9445075,5/30/16,5649,1061,MLB
1591,9445108,5/18/16,5649,7547,MLB
1592,9445109,5/19/16,5649,7547,MLB
1593,9445111,7/7/16,5649,7547,MLB
1594,9445112,7/8/16,5649,7547,MLB
1595,9445114,7/10/16,5649,7547,MLB
1596,9445116,9/2/16,5649,7547,MLB
1597,9445118,9/3/16,5649,7547,MLB
1598,9371177,3/6/16,38,44,NBA
1599,9371180,3/12/16,38,3084,NBA
1600,9371182,3/17/16,38,2986,NBA
1601,9371186,3/20/16,38,126,NBA
1602,9371190,3/29/16,38,3042,NBA
1603,9371194,3/31/16,38,2864,NBA
1604,9371197,4/2/16,38,12,NBA
1605,9371201,4/6/16,38,14,NBA
1606,9371204,4/10/16,38,124,NBA
1607,9342059,3/15/16,84,52,NHL
1608,9342062,3/18/16,84,104,NHL
1609,9342064,3/26/16,84,106,NHL
1610,9342068,3/28/16,84,72,NHL
1611,9342071,4/5/16,84,76,NHL
1612,9342074,4/7/16,84,82,NHL
1613,9342012,4/10/16,84,48,NHL
1614,9445632,10/1/16,5643,4182,MLB
1615,9445633,10/2/16,5643,4182,MLB
1616,9445623,9/13/16,5643,4342,MLB
1617,9445423,4/10/16,5643,5651,MLB
1618,9445549,5/12/16,5643,4344,MLB
1619,9445444,4/21/16,5643,1061,MLB
1620,9445531,4/22/16,5643,5649,MLB
1621,9445532,4/23/16,5643,5649,MLB
1622,9445534,4/24/16,5643,5649,MLB
1623,9445536,4/25/16,5643,4322,MLB
1624,9445539,4/26/16,5643,4322,MLB
1625,9445541,5/6/16,5643,68,MLB
1626,9445542,5/7/16,5643,68,MLB
1627,9445617,9/9/16,5643,5649,MLB
1628,9445416,4/4/16,5643,7547,MLB
1629,9445418,4/6/16,5643,7547,MLB
1630,9445547,5/11/16,5643,4344,MLB
1631,9445420,4/8/16,5643,5651,MLB
1632,9445421,4/9/16,5643,5651,MLB
1633,9445551,5/24/16,5643,5164,MLB
1634,9445554,5/25/16,5643,5164,MLB
1635,9445555,5/26/16,5643,5164,MLB
1636,9445428,4/19/16,5643,1061,MLB
1637,9445557,5/27/16,5643,4342,MLB
1638,9445558,5/28/16,5643,4342,MLB
1639,9445560,5/29/16,5643,4342,MLB
1640,9445562,5/30/16,5643,2,MLB
1641,9445563,5/31/16,5643,2,MLB
1642,9445564,6/1/16,5643,2,MLB
1643,9445565,6/2/16,5643,2,MLB
1644,9445429,4/20/16,5643,1061,MLB
1645,9445568,6/11/16,5643,5644,MLB
1646,9445569,6/12/16,5643,5644,MLB
1647,9445571,6/13/16,5643,4862,MLB
1648,9445572,6/14/16,5643,4862,MLB
1649,9445574,6/15/16,5643,4862,MLB
1650,9445575,6/16/16,5643,4862,MLB
1651,9445577,6/23/16,5643,5649,MLB
1652,9448394,8/18/16,5643,7547,MLB
1653,9445579,6/24/16,5643,5649,MLB
1654,9445580,6/25/16,5643,5649,MLB
1655,9445581,6/26/16,5643,5649,MLB
1656,9445582,6/27/16,5643,4882,MLB
1657,9445583,6/28/16,5643,4882,MLB
1658,9445584,6/29/16,5643,4882,MLB
1659,9445585,6/30/16,5643,4342,MLB
1660,9445586,7/1/16,5643,4342,MLB
1661,9445587,7/2/16,5643,4342,MLB
1662,9445589,7/3/16,5643,4342,MLB
1663,9445591,7/15/16,5643,5646,MLB
1664,9445592,7/16/16,5643,5646,MLB
1665,9445594,7/17/16,5643,5646,MLB
1666,9445596,7/28/16,5643,4344,MLB
1667,9445598,7/29/16,5643,4344,MLB
1668,9445599,7/30/16,5643,4344,MLB
1669,9445600,7/31/16,5643,4344,MLB
1670,9445601,8/2/16,5643,4802,MLB
1671,9445602,8/3/16,5643,4802,MLB
1672,9445603,8/4/16,5643,4802,MLB
1673,9445604,8/16/16,5643,5648,MLB
1674,9445605,8/17/16,5643,5648,MLB
1675,9445607,8/19/16,5643,7547,MLB
1676,9445608,8/20/16,5643,7547,MLB
1677,9445613,9/1/16,5643,42,MLB
1678,9445611,8/30/16,5643,42,MLB
1679,9445612,8/31/16,5643,42,MLB
1680,9445567,6/10/16,5643,5644,MLB
1681,9445629,9/28/16,5643,4344,MLB
1682,9445544,5/8/16,5643,68,MLB
1683,9445619,9/10/16,5643,5649,MLB
1684,9445621,9/11/16,5643,5649,MLB
1685,9445622,9/12/16,5643,4342,MLB
1686,9445609,8/21/16,5643,7547,MLB
1687,9445624,9/14/16,5643,4342,MLB
1688,9445625,9/16/16,5643,7547,MLB
1689,9445626,9/17/16,5643,7547,MLB
1690,9445627,9/18/16,5643,7547,MLB
1691,9445628,9/27/16,5643,4344,MLB
1692,9445546,5/10/16,5643,4344,MLB
1693,9445630,9/29/16,5643,4344,MLB
1694,9445631,9/30/16,5643,4182,MLB
1695,9371489,3/20/16,3084,126,NBA
1696,9371491,3/23/16,3084,28,NBA
1697,9371493,3/26/16,3084,12,NBA
1698,9371495,3/29/16,3084,8,NBA
1699,9371498,4/1/16,3084,2864,NBA
1700,9371500,4/9/16,3084,40,NBA
1701,9371502,4/9/16,3084,44,NBA
1702,9371503,4/12/16,3084,14,NBA
1703,9371484,3/8/16,3084,46,NBA
1704,9371487,3/19/16,3084,2562,NBA
1705,9342305,3/25/16,86,100,NHL
1706,9342216,3/23/16,86,90,NHL
1707,9342315,3/20/16,86,66,NHL
1708,9342320,3/27/16,86,80,NHL
1709,9342323,4/3/16,86,84,NHL
1710,9342231,3/29/16,86,88,NHL
1711,9342296,3/18/16,86,94,NHL
1712,9443968,8/13/16,2,4692,MLB
1713,9443970,8/14/16,2,4692,MLB
1714,9443971,8/14/16,2,4692,MLB
1715,9443972,8/16/16,2,4802,MLB
1716,9443974,8/17/16,2,4802,MLB
1717,9443975,8/17/16,2,4802,MLB
1718,9466120,4/2/16,2,4,MLB
1719,9443977,8/19/16,2,5649,MLB
1720,9443978,8/20/16,2,5649,MLB
1721,9443979,8/20/16,2,5649,MLB
1722,9443980,8/21/16,2,5649,MLB
1723,9443981,8/27/16,2,5643,MLB
1724,9443982,8/27/16,2,5643,MLB
1725,9443983,8/28/16,2,5643,MLB
1726,9443984,8/31/16,2,68,MLB
1727,9443985,8/31/16,2,68,MLB
1728,9443986,9/13/16,2,42,MLB
1729,9443987,9/14/16,2,42,MLB
1730,9443988,9/14/16,2,42,MLB
1731,9443989,9/16/16,2,5651,MLB
1732,9443990,9/17/16,2,5651,MLB
1733,9443991,9/18/16,2,5651,MLB
1734,9443992,9/18/16,2,5651,MLB
1735,9443993,9/28/16,2,5646,MLB
1736,9443994,9/29/16,2,5646,MLB
1737,9443995,9/30/16,2,5646,MLB
1738,9443996,10/1/16,2,1061,MLB
1739,9443997,10/1/16,2,1061,MLB
1740,9443998,10/2/16,2,1061,MLB
1741,9468729,4/1/16,2,4,MLB
1742,9443914,4/7/16,2,1061,MLB
1743,9443915,4/9/16,2,1061,MLB
1744,9443916,4/9/16,2,1061,MLB
1745,9443917,4/10/16,2,1061,MLB
1746,9443918,4/19/16,2,68,MLB
1747,9443919,4/20/16,2,68,MLB
1748,9443920,4/21/16,2,68,MLB
1749,9443921,4/21/16,2,68,MLB
1750,9443922,4/23/16,2,4342,MLB
1751,9443923,4/24/16,2,4342,MLB
1752,9443924,4/24/16,2,4342,MLB
1753,9443925,4/26/16,2,42,MLB
1754,9443926,4/27/16,2,42,MLB
1755,9443927,4/27/16,2,42,MLB
1756,9443928,5/6/16,2,5646,MLB
1757,9443929,5/7/16,2,5646,MLB
1758,9443930,5/7/16,2,5646,MLB
1759,9443931,5/8/16,2,5646,MLB
1760,9443932,5/10/16,2,7548,MLB
1761,9443933,5/11/16,2,7548,MLB
1762,9443934,5/11/16,2,7548,MLB
1763,9443935,5/21/16,2,5644,MLB
1764,9443936,5/21/16,2,5644,MLB
1765,9443937,5/23/16,2,5644,MLB
1766,9443938,5/24/16,2,42,MLB
1767,9443939,5/25/16,2,42,MLB
1768,9443940,5/25/16,2,42,MLB
1769,9443941,6/8/16,2,4322,MLB
1770,9443942,6/9/16,2,4322,MLB
1771,9443943,6/11/16,2,1061,MLB
1772,9443944,6/11/16,2,1061,MLB
1773,9443945,6/13/16,2,1061,MLB
1774,9443946,6/14/16,2,5164,MLB
1775,9443947,6/15/16,2,5164,MLB
1776,9443948,6/15/16,2,5164,MLB
1777,9443949,6/25/16,2,4344,MLB
1778,9443950,6/26/16,2,4344,MLB
1779,9443951,6/26/16,2,4344,MLB
1780,9443952,6/28/16,2,4,MLB
1781,9443953,6/29/16,2,4,MLB
1782,9443954,7/4/16,2,5646,MLB
1783,9443955,7/6/16,2,5646,MLB
1784,9443956,7/7/16,2,5646,MLB
1785,9443957,7/9/16,2,68,MLB
1786,9443958,7/9/16,2,68,MLB
1787,9443959,7/11/16,2,68,MLB
1788,9443960,7/26/16,2,4862,MLB
1789,9443961,7/27/16,2,4862,MLB
1790,9443962,7/27/16,2,4862,MLB
1791,9443963,7/29/16,2,7547,MLB
1792,9443964,7/30/16,2,7547,MLB
1793,9443965,7/30/16,2,7547,MLB
1794,9443966,7/31/16,2,7547,MLB
1795,9371008,3/26/16,3042,38,NBA
1796,9371013,3/31/16,3042,3084,NBA
1797,9371017,4/3/16,3042,12,NBA
1798,9371025,4/10/16,3042,124,NBA
1799,9371029,4/13/16,3042,335486,NBA
1800,9370978,3/11/16,3042,14,NBA
1801,9370983,3/13/16,3042,335486,NBA
1802,9370987,3/16/16,3042,126,NBA
1803,9370993,3/18/16,3042,2562,NBA
1804,9370998,3/20/16,3042,124,NBA
1805,9371003,3/24/16,3042,28,NBA
1806,9443969,6/22/16,4,5164,MLB
1807,9443115,9/5/16,4,1062,MLB
1808,9443973,8/6/16,4,5644,MLB
1809,9443976,8/6/16,4,5644,MLB
1810,9443116,9/7/16,4,1062,MLB
1811,9443122,7/20/16,4,4782,MLB
1812,9444013,8/14/16,4,1043,MLB
1813,9443118,4/30/16,4,4782,MLB
1814,9443119,4/30/16,4,4782,MLB
1815,9443999,8/7/16,4,5644,MLB
1816,9444000,4/2/16,4,2,MLB
1817,9444001,6/30/16,4,2,MLB
1818,9444002,7/1/16,4,2,MLB
1819,9443109,4/12/16,4,1062,MLB
1820,9443110,4/13/16,4,1062,MLB
1821,9444007,8/24/16,4,4882,MLB
1822,9443112,6/18/16,4,1062,MLB
1823,9443113,6/18/16,4,1062,MLB
1824,9444010,5/4/16,4,1043,MLB
1825,9444011,5/4/16,4,1043,MLB
1826,9444012,8/13/16,4,1043,MLB
1827,9443117,9/7/16,4,1062,MLB
1828,9444014,8/14/16,4,1043,MLB
1829,9444015,9/10/16,4,1043,MLB
1830,9443120,5/1/16,4,4782,MLB
1831,9444017,9/11/16,4,1043,MLB
1832,9444018,8/9/16,4,4692,MLB
1833,9443123,7/20/16,4,4782,MLB
1834,9443124,9/20/16,4,4782,MLB
1835,9444021,8/11/16,4,4692,MLB
1836,9443126,9/21/16,4,4782,MLB
1837,9444023,7/2/16,4,4802,MLB
1838,9444024,7/3/16,4,4802,MLB
1839,9444025,7/3/16,4,4802,MLB
1840,9444026,5/17/16,4,4343,MLB
1841,9444027,5/18/16,4,4343,MLB
1842,9444028,5/18/16,4,4343,MLB
1843,9444029,6/14/16,4,4343,MLB
1844,9443125,9/21/16,4,4782,MLB
1845,9444043,9/24/16,4,4343,MLB
1846,9444036,6/15/16,4,4343,MLB
1847,9444038,6/16/16,4,4343,MLB
1848,9444040,6/16/16,4,4343,MLB
1849,9444042,9/24/16,4,4343,MLB
1850,9443127,7/16/16,4,7548,MLB
1851,9444044,9/25/16,4,4343,MLB
1852,9444045,7/22/16,4,5652,MLB
1853,9444046,7/23/16,4,5652,MLB
1854,9444047,7/24/16,4,5652,MLB
1855,9444048,7/24/16,4,5652,MLB
1856,9443128,7/16/16,4,7548,MLB
1857,9444050,9/3/16,4,4322,MLB
1858,9444051,9/4/16,4,4322,MLB
1859,9444052,9/4/16,4,4322,MLB
1860,9444019,8/10/16,4,4692,MLB
1861,9444054,4/16/16,4,5647,MLB
1862,9444055,4/17/16,4,5647,MLB
1863,9444056,5/28/16,4,4182,MLB
1864,9444057,5/28/16,4,4182,MLB
1865,9444058,5/29/16,4,4182,MLB
1866,9444059,5/30/16,4,5648,MLB
1867,9444060,6/1/16,4,5648,MLB
1868,9444061,6/1/16,4,5648,MLB
1869,9444062,4/5/16,4,5645,MLB
1870,9444063,4/6/16,4,5645,MLB
1871,9444064,4/7/16,4,5645,MLB
1872,9444065,4/7/16,4,5645,MLB
1873,9444066,5/20/16,4,5650,MLB
1874,9444067,5/21/16,4,5650,MLB
1875,9444068,5/21/16,4,5650,MLB
1876,9444006,8/23/16,4,4882,MLB
1877,9444070,5/22/16,4,5650,MLB
1878,9444053,4/16/16,4,5647,MLB
1879,9443111,4/13/16,4,1062,MLB
1880,9443129,7/17/16,4,7548,MLB
1881,9444008,8/24/16,4,4882,MLB
1882,9443114,6/19/16,4,1062,MLB
1883,9444020,8/11/16,4,4692,MLB
1884,9444009,5/3/16,4,1043,MLB
1885,9444016,9/10/16,4,1043,MLB
1886,9443121,7/19/16,4,4782,MLB
1887,9443967,6/22/16,4,5164,MLB
1888,9371488,3/11/16,2864,44,NBA
1889,9371490,3/13/16,2864,32,NBA
1890,9371492,3/24/16,2864,10,NBA
1891,9371494,3/29/16,2864,34,NBA
1892,9371496,4/3/16,2864,46,NBA
1893,9371497,4/6/16,2864,335486,NBA
1894,9371499,4/9/16,2864,3042,NBA
1895,9371501,4/10/16,2864,3082,NBA
1896,9371485,3/6/16,2864,34,NBA
1897,9371486,3/9/16,2864,8,NBA
1898,9341827,3/19/16,90,96,NHL
1899,9341831,3/21/16,90,98,NHL
1900,9341834,3/29/16,90,48,NHL
1901,9341838,4/3/16,90,88,NHL
1902,9341814,3/9/16,90,94,NHL
1903,9341848,4/7/16,90,96,NHL
1904,9341817,3/13/16,90,86,NHL
1905,9341820,3/15/16,90,104,NHL
1906,9341823,3/17/16,90,106,NHL
1907,9443328,4/17/16,5650,1043,MLB
1908,9443335,8/3/16,5650,5649,MLB
1909,9443336,8/4/16,5650,5649,MLB
1910,9443337,7/18/16,5650,4692,MLB
1911,9443338,7/19/16,5650,4692,MLB
1912,9443339,7/20/16,5650,4692,MLB
1913,9443341,7/21/16,5650,4692,MLB
1914,9443342,8/26/16,5650,4692,MLB
1915,9443343,8/27/16,5650,4692,MLB
1916,9443344,8/28/16,5650,4692,MLB
1917,9443345,9/30/16,5650,4692,MLB
1918,9443346,10/1/16,5650,4692,MLB
1919,9443347,10/2/16,5650,4692,MLB
1920,9443348,6/27/16,5650,4343,MLB
1921,9443349,6/28/16,5650,4343,MLB
1922,9443351,6/29/16,5650,4343,MLB
1923,9443352,6/30/16,5650,4343,MLB
1924,9443353,4/22/16,5650,5652,MLB
1925,9443354,4/23/16,5650,5652,MLB
1926,9443355,4/24/16,5650,5652,MLB
1927,9443356,8/12/16,5650,5652,MLB
1928,9443358,8/13/16,5650,5652,MLB
1929,9443359,8/14/16,5650,5652,MLB
1930,9443360,9/8/16,5650,5652,MLB
1931,9443361,9/9/16,5650,5652,MLB
1932,9443362,9/10/16,5650,5652,MLB
1933,9443363,9/11/16,5650,5652,MLB
1934,9443368,5/6/16,5650,4322,MLB
1935,9443369,5/7/16,5650,4322,MLB
1936,9443370,5/9/16,5650,4322,MLB
1937,9443371,7/15/16,5650,4322,MLB
1938,9443372,7/16/16,5650,4322,MLB
1939,9443373,7/18/16,5650,4322,MLB
1940,9443374,9/27/16,5650,4322,MLB
1941,9443376,9/28/16,5650,4322,MLB
1942,9443377,9/29/16,5650,4322,MLB
1943,9443379,6/21/16,5650,5646,MLB
1944,9443380,6/22/16,5650,5646,MLB
1945,9443381,5/9/16,5650,5647,MLB
1946,9443382,5/10/16,5650,5647,MLB
1947,9443383,5/11/16,5650,5647,MLB
1948,9443384,5/12/16,5650,5647,MLB
1949,9443385,6/10/16,5650,4182,MLB
1950,9443386,6/11/16,5650,4182,MLB
1951,9443387,6/12/16,5650,4182,MLB
1952,9443388,6/24/16,5650,5648,MLB
1953,9443389,6/25/16,5650,5648,MLB
1954,9443390,6/26/16,5650,5648,MLB
1955,9443391,5/13/16,5650,5645,MLB
1956,9443392,5/14/16,5650,5645,MLB
1957,9443393,5/15/16,5650,5645,MLB
1958,9443284,6/7/16,5650,1062,MLB
1959,9443285,6/8/16,5650,1062,MLB
1960,9443286,6/9/16,5650,1062,MLB
1961,9443288,4/4/16,5650,4782,MLB
1962,9443290,4/6/16,5650,4782,MLB
1963,9443291,4/7/16,5650,4782,MLB
1964,9443296,4/19/16,5650,4,MLB
1965,9443297,4/20/16,5650,4,MLB
1966,9443299,4/21/16,5650,4,MLB
1967,9443301,5/24/16,5650,7548,MLB
1968,9443302,5/25/16,5650,7548,MLB
1969,9443303,5/26/16,5650,7548,MLB
1970,9443304,8/15/16,5650,7548,MLB
1971,9443305,8/16/16,5650,7548,MLB
1972,9443308,8/17/16,5650,7548,MLB
1973,9443311,9/5/16,5650,7548,MLB
1974,9443312,9/6/16,5650,7548,MLB
1975,9443313,9/7/16,5650,7548,MLB
1976,9443314,9/12/16,5650,1061,MLB
1977,9443315,9/13/16,5650,1061,MLB
1978,9443316,9/14/16,5650,1061,MLB
1979,9443317,7/22/16,5650,2,MLB
1980,9443318,7/23/16,5650,2,MLB
1981,9443319,7/24/16,5650,2,MLB
1982,9443220,6/6/16,5650,1062,MLB
1983,9443323,8/5/16,5650,4882,MLB
1984,9443324,8/6/16,5650,4882,MLB
1985,9443325,8/7/16,5650,4882,MLB
1986,9443326,4/15/16,5650,1043,MLB
1987,9443327,4/16/16,5650,1043,MLB
1988,9371637,3/9/16,2986,3042,NBA
1989,9371638,3/22/16,2986,124,NBA
1990,9371639,3/24/16,2986,46,NBA
1991,9371640,3/27/16,2986,3082,NBA
1992,9371641,3/29/16,2986,44,NBA
1993,9371642,3/31/16,2986,126,NBA
1994,9371643,4/3/16,2986,34,NBA
1995,9371644,4/12/16,2986,36,NBA
1996,9371645,4/14/16,2986,3084,NBA
1997,9341696,3/13/16,92,74,NHL
1998,9341699,3/18/16,92,78,NHL
1999,9341702,3/20/16,92,54,NHL
2000,9341709,3/27/16,92,90,NHL
2001,9341677,4/1/16,92,88,NHL
2002,9370750,3/16/16,92,92,NHL
2003,9341718,4/8/16,92,48,NHL
2004,9341689,3/8/16,92,96,NHL
2005,9341721,4/10/16,92,108,NHL
2006,9341693,3/10/16,92,84,NHL
2007,9341662,4/2/16,92,100,NHL
2008,9445889,5/9/16,4342,5164,MLB
2009,9445891,5/10/16,4342,5164,MLB
2010,9445892,5/11/16,4342,5164,MLB
2011,9445974,8/13/16,4342,5645,MLB
2012,9445894,7/28/16,4342,5651,MLB
2013,9445895,7/29/16,4342,5651,MLB
2014,9445896,7/30/16,4342,5651,MLB
2015,9445898,7/31/16,4342,5651,MLB
2016,9467863,4/2/16,4342,5650,MLB
2017,9445900,6/23/16,4342,5644,MLB
2018,9445902,6/24/16,4342,5644,MLB
2019,9445903,6/25/16,4342,5644,MLB
2020,9445904,6/26/16,4342,5644,MLB
2021,9445905,5/3/16,4342,68,MLB
2022,9445907,5/4/16,4342,68,MLB
2023,9445908,5/5/16,4342,68,MLB
2024,9445909,9/9/16,4342,1061,MLB
2025,9445910,9/10/16,4342,1061,MLB
2026,9445911,9/11/16,4342,1061,MLB
2027,9445912,8/8/16,4342,2,MLB
2028,9445913,8/9/16,4342,2,MLB
2029,9445914,8/10/16,4342,2,MLB
2030,9445916,6/3/16,4342,5649,MLB
2031,9445917,6/4/16,4342,5649,MLB
2032,9445918,6/5/16,4342,5649,MLB
2033,9445919,7/22/16,4342,5649,MLB
2034,9445920,7/23/16,4342,5649,MLB
2035,9445921,7/24/16,4342,5649,MLB
2036,9445922,9/26/16,4342,5649,MLB
2037,9445923,9/27/16,4342,5649,MLB
2038,9445924,9/28/16,4342,5649,MLB
2039,9445925,4/18/16,4342,7547,MLB
2040,9445926,4/19/16,4342,7547,MLB
2041,9445927,4/20/16,4342,7547,MLB
2042,9445928,4/21/16,4342,7547,MLB
2043,9445929,5/20/16,4342,7547,MLB
2044,9445931,5/21/16,4342,7547,MLB
2045,9445932,5/22/16,4342,7547,MLB
2046,9445933,9/19/16,4342,7547,MLB
2047,9445934,9/20/16,4342,7547,MLB
2048,9445935,9/21/16,4342,7547,MLB
2049,9445937,8/26/16,4342,42,MLB
2050,9445938,8/27/16,4342,42,MLB
2051,9445939,8/28/16,4342,42,MLB
2052,9445940,5/6/16,4342,4344,MLB
2053,9445941,5/7/16,4342,4344,MLB
2054,9445942,5/8/16,4342,4344,MLB
2055,9445944,7/25/16,4342,4344,MLB
2056,9445945,7/26/16,4342,4344,MLB
2057,9445946,7/27/16,4342,4344,MLB
2058,9445947,9/5/16,4342,4344,MLB
2059,9445948,9/6/16,4342,4344,MLB
2060,9445949,9/7/16,4342,4344,MLB
2061,9445953,6/1/16,4342,4802,MLB
2062,9445955,6/2/16,4342,4802,MLB
2063,9445957,5/23/16,4342,5652,MLB
2064,9445958,5/24/16,4342,5652,MLB
2065,9445961,7/8/16,4342,4862,MLB
2066,9445962,7/9/16,4342,4862,MLB
2067,9445963,7/10/16,4342,4862,MLB
2068,9445964,6/17/16,4342,5646,MLB
2069,9445965,6/18/16,4342,5646,MLB
2070,9445966,6/19/16,4342,5646,MLB
2071,9445967,6/20/16,4342,5646,MLB
2072,9445968,8/23/16,4342,5647,MLB
2073,9445969,8/24/16,4342,5647,MLB
2074,9445970,8/25/16,4342,5647,MLB
2075,9445971,4/5/16,4342,4182,MLB
2076,9445972,4/6/16,4342,4182,MLB
2077,9445973,8/12/16,4342,5645,MLB
2078,9467862,4/1/16,4342,5650,MLB
2079,9445975,8/14/16,4342,5645,MLB
2080,9445877,4/15/16,4342,5643,MLB
2081,9445878,4/16/16,4342,5643,MLB
2082,9445879,4/17/16,4342,5643,MLB
2083,9445881,6/21/16,4342,5643,MLB
2084,9445882,6/22/16,4342,5643,MLB
2085,9445883,9/22/16,4342,5643,MLB
2086,9445884,9/23/16,4342,5643,MLB
2087,9445885,9/24/16,4342,5643,MLB
2088,9445886,9/25/16,4342,5643,MLB
2089,9371565,3/10/16,335486,126,NBA
2090,9371567,3/12/16,335486,2986,NBA
2091,9371568,3/15/16,335486,2562,NBA
2092,9371570,3/23/16,335486,36,NBA
2093,9371572,3/25/16,335486,3082,NBA
2094,9371574,3/27/16,335486,3042,NBA
2095,9371578,4/12/16,335486,40,NBA
2096,9341538,4/1/16,94,96,NHL
2097,9341541,3/11/16,94,74,NHL
2098,9341544,3/13/16,94,84,NHL
2099,9341547,3/16/16,94,54,NHL
2100,9341551,3/19/16,94,78,NHL
2101,9341520,4/10/16,94,86,NHL
2102,9341555,3/21/16,94,78,NHL
2103,9341557,3/23/16,94,106,NHL
2104,9341494,3/25/16,94,90,NHL
2105,9341431,3/29/16,94,92,NHL
2106,9341561,4/8/16,94,108,NHL
2107,9341499,3/26/16,94,100,NHL
2108,9371416,3/9/16,2562,32,NBA
2109,9371418,3/13/16,2562,30,NBA
2110,9371422,3/24/16,2562,34,NBA
2111,9371425,3/27/16,2562,10,NBA
2112,9371429,3/29/16,2562,46,NBA
2113,9371433,4/1/16,2562,2744,NBA
2114,9371435,4/3/16,2562,28,NBA
2115,9371438,4/7/16,2562,335486,NBA
2116,9371442,4/10/16,2562,2986,NBA
2117,9371448,4/14/16,2562,2864,NBA
2118,9341865,3/13/16,96,104,NHL
2119,9341837,4/5/16,96,92,NHL
2120,9341775,4/10/16,96,90,NHL
2121,9341808,3/28/16,96,50,NHL
2122,9341780,3/20/16,96,106,NHL
2123,9341909,3/15/16,96,108,NHL
2124,9341880,3/17/16,96,98,NHL
2125,9341851,3/10/16,96,86,NHL
2126,9341917,3/30/16,96,94,NHL
2127,9445121,9/5/16,5648,5647,MLB
2128,9445122,9/7/16,5648,5647,MLB
2129,9445035,5/21/16,5648,7548,MLB
2130,9445124,9/8/16,5648,5647,MLB
2131,9445127,4/30/16,5648,4182,MLB
2132,9445129,4/30/16,5648,4182,MLB
2133,9445130,5/1/16,5648,4182,MLB
2134,9445131,8/24/16,5648,4182,MLB
2135,9445132,8/25/16,5648,4182,MLB
2136,9445133,8/25/16,5648,4182,MLB
2137,9445040,5/22/16,5648,7548,MLB
2138,9445159,9/2/16,5648,5645,MLB
2139,9445138,9/21/16,5648,4182,MLB
2140,9445140,9/22/16,5648,4182,MLB
2141,9445038,5/21/16,5648,7548,MLB
2142,9445142,9/23/16,5648,4182,MLB
2143,9445145,4/11/16,5648,5645,MLB
2144,9445018,4/16/16,5648,1062,MLB
2145,9445147,4/14/16,5648,5645,MLB
2146,9445020,4/17/16,5648,1062,MLB
2147,9445149,4/14/16,5648,5645,MLB
2148,9445150,7/30/16,5648,5645,MLB
2149,9445023,8/11/16,5648,4782,MLB
2150,9445024,8/11/16,5648,4782,MLB
2151,9445025,7/4/16,5648,4,MLB
2152,9445154,7/30/16,5648,5645,MLB
2153,9445019,4/16/16,5648,1062,MLB
2154,9445029,7/6/16,5648,4,MLB
2155,9445031,7/6/16,5648,4,MLB
2156,9445160,9/3/16,5648,5645,MLB
2157,9445161,9/3/16,5648,5645,MLB
2158,9445162,9/4/16,5648,5645,MLB
2159,9445163,6/17/16,5648,5650,MLB
2160,9445165,6/18/16,5648,5650,MLB
2161,9445166,6/18/16,5648,5650,MLB
2162,9445021,8/9/16,5648,4782,MLB
2163,9445168,6/19/16,5648,5650,MLB
2164,9445042,7/27/16,5648,5643,MLB
2165,9445043,7/28/16,5648,5643,MLB
2166,9445022,8/10/16,5648,4782,MLB
2167,9445046,4/19/16,5648,5164,MLB
2168,9445048,4/26/16,5648,4882,MLB
2169,9445050,4/27/16,5648,4882,MLB
2170,9445051,4/28/16,5648,4882,MLB
2171,9445052,7/16/16,5648,4882,MLB
2172,9445053,7/16/16,5648,4882,MLB
2173,9445054,7/17/16,5648,4882,MLB
2174,9445045,4/19/16,5648,5164,MLB
2175,9445056,9/10/16,5648,4882,MLB
2176,9445058,9/10/16,5648,4882,MLB
2177,9445060,9/11/16,5648,4882,MLB
2178,9445064,9/24/16,5648,1043,MLB
2179,9445066,9/24/16,5648,1043,MLB
2180,9445067,9/25/16,5648,1043,MLB
2181,9445070,6/8/16,5648,4342,MLB
2182,9445072,6/9/16,5648,4342,MLB
2183,9445073,6/10/16,5648,4342,MLB
2184,9445076,5/10/16,5648,4692,MLB
2185,9445078,5/11/16,5648,4692,MLB
2186,9445079,5/11/16,5648,4692,MLB
2187,9445081,6/22/16,5648,4344,MLB
2188,9445082,6/23/16,5648,4344,MLB
2189,9445083,6/23/16,5648,4344,MLB
2190,9445157,7/31/16,5648,5645,MLB
2191,9445034,5/20/16,5648,7548,MLB
2192,9445096,7/2/16,5648,4343,MLB
2193,9445097,7/2/16,5648,4343,MLB
2194,9445098,7/3/16,5648,4343,MLB
2195,9445099,6/3/16,5648,5652,MLB
2196,9445100,6/4/16,5648,5652,MLB
2197,9445101,6/4/16,5648,5652,MLB
2198,9445102,6/5/16,5648,5652,MLB
2199,9445103,6/11/16,5648,4322,MLB
2200,9445104,6/11/16,5648,4322,MLB
2201,9445105,6/12/16,5648,4322,MLB
2202,9445107,5/24/16,5648,5647,MLB
2203,9445110,5/25/16,5648,5647,MLB
2204,9445113,5/25/16,5648,5647,MLB
2205,9445115,8/13/16,5648,5647,MLB
2206,9445117,8/13/16,5648,5647,MLB
2207,9445119,8/14/16,5648,5647,MLB
2208,9371393,3/31/16,3082,124,NBA
2209,9371396,4/2/16,3082,2986,NBA
2210,9371398,4/6/16,3082,3042,NBA
2211,9371400,4/9/16,3082,126,NBA
2212,9371403,4/12/16,3082,34,NBA
2213,9371378,3/9/16,3082,24,NBA
2214,9371381,3/12/16,3082,32,NBA
2215,9371384,3/15/16,3082,16,NBA
2216,9371387,3/18/16,3082,44,NBA
2217,9371389,3/29/16,3082,40,NBA
2218,9341546,3/8/16,98,86,NHL
2219,9341549,3/10/16,98,48,NHL
2220,9341552,3/25/16,98,80,NHL
2221,9341554,3/26/16,98,102,NHL
2222,9341556,4/2/16,98,84,NHL
2223,9341559,4/4/16,98,106,NHL
2224,9341560,4/9/16,98,48,NHL
2225,9448064,8/5/16,4182,5649,MLB
2226,9448065,8/6/16,4182,5649,MLB
2227,9448066,8/7/16,4182,5649,MLB
2228,9448067,9/9/16,4182,4692,MLB
2229,9448068,9/10/16,4182,4692,MLB
2230,9448069,9/11/16,4182,4692,MLB
2231,9448070,5/23/16,4182,4344,MLB
2232,9448071,5/24/16,4182,4344,MLB
2233,9448073,5/25/16,4182,4344,MLB
2234,9448074,4/11/16,4182,4802,MLB
2235,9448075,4/12/16,4182,4802,MLB
2236,9448076,5/6/16,4182,4343,MLB
2237,9448077,5/7/16,4182,4343,MLB
2238,9448078,5/8/16,4182,4343,MLB
2239,9448079,5/20/16,4182,5652,MLB
2240,9448080,5/22/16,4182,5652,MLB
2241,9448081,5/21/16,4182,5652,MLB
2242,9448082,8/18/16,4182,4322,MLB
2243,9448083,8/19/16,4182,4322,MLB
2244,9448084,8/20/16,4182,4322,MLB
2245,9448085,8/21/16,4182,4322,MLB
2246,9448086,7/15/16,4182,5647,MLB
2247,9448087,7/16/16,4182,5647,MLB
2248,9448090,7/17/16,4182,5647,MLB
2249,9448091,8/15/16,4182,5647,MLB
2250,9448092,8/16/16,4182,5647,MLB
2251,9448093,8/17/16,4182,5647,MLB
2252,9448095,9/23/16,4182,5647,MLB
2253,9448096,9/24/16,4182,5647,MLB
2254,9448097,9/25/16,4182,5647,MLB
2255,9448100,5/16/16,4182,5648,MLB
2256,9448103,5/17/16,4182,5648,MLB
2257,9448105,5/18/16,4182,5648,MLB
2258,9448107,7/18/16,4182,5648,MLB
2259,9448108,7/19/16,4182,5648,MLB
2260,9448110,7/20/16,4182,5648,MLB
2261,9448112,9/12/16,4182,5648,MLB
2262,9448115,9/13/16,4182,5648,MLB
2263,9448117,9/14/16,4182,5648,MLB
2264,9448120,9/15/16,4182,5648,MLB
2265,9448123,4/8/16,4182,5650,MLB
2266,9448124,4/9/16,4182,5650,MLB
2267,9448126,4/11/16,4182,5650,MLB
2268,9448129,6/3/16,4182,5645,MLB
2269,9448132,6/5/16,4182,5645,MLB
2270,9448134,8/2/16,4182,5645,MLB
2271,9448137,8/3/16,4182,5645,MLB
2272,9448138,8/4/16,4182,5645,MLB
2273,9448139,8/29/16,4182,5645,MLB
2274,9448140,8/30/16,4182,5645,MLB
2275,9448141,8/31/16,4182,5645,MLB
2276,9448142,6/4/16,4182,5645,MLB
2277,9448024,8/26/16,4182,1062,MLB
2278,9448025,8/27/16,4182,1062,MLB
2279,9448026,8/28/16,4182,1062,MLB
2280,9448028,7/29/16,4182,4782,MLB
2281,9448029,7/30/16,4182,4782,MLB
2282,9448030,7/31/16,4182,4782,MLB
2283,9448032,4/25/16,4182,4,MLB
2284,9448033,4/26/16,4182,4,MLB
2285,9448034,4/27/16,4182,4,MLB
2286,9448035,4/28/16,4182,4,MLB
2287,9448036,6/6/16,4182,7548,MLB
2288,9448037,6/7/16,4182,7548,MLB
2289,9448039,6/8/16,4182,7548,MLB
2290,9448040,4/22/16,4182,4882,MLB
2291,9448041,4/23/16,4182,4882,MLB
2292,9448043,4/24/16,4182,4882,MLB
2293,9448045,6/24/16,4182,4882,MLB
2294,9448046,6/26/16,4182,4882,MLB
2295,9448047,9/26/16,4182,4882,MLB
2296,9448048,9/27/16,4182,4882,MLB
2297,9448049,9/28/16,4182,4882,MLB
2298,9448050,9/29/16,4182,4882,MLB
2299,9448052,6/25/16,4182,4882,MLB
2300,9448055,6/20/16,4182,1043,MLB
2301,9448057,6/21/16,4182,1043,MLB
2302,9448058,6/22/16,4182,1043,MLB
2303,9448059,6/23/16,4182,1043,MLB
2304,9448062,6/28/16,4182,4342,MLB
2305,9448063,6/29/16,4182,4342,MLB
2306,9370626,3/13/16,124,44,NBA
2307,9370638,3/10/16,124,3082,NBA
2308,9370714,3/28/16,124,10,NBA
2309,9370659,4/8/16,124,3042,NBA
2310,9370666,3/26/16,124,34,NBA
2311,9370725,4/2/16,124,2744,NBA
2312,9370592,3/24/16,124,126,NBA
2313,9370694,3/8/16,124,30,NBA
2314,9370699,3/12/16,124,2562,NBA
2315,9370702,4/4/16,124,2562,NBA
2316,9370576,3/15/16,124,3084,NBA
2317,9370708,3/17/16,124,8,NBA
2318,9370584,4/14/16,124,38,NBA
2319,9370720,3/30/16,124,32,NBA
2320,9370731,4/6/16,124,2986,NBA
2321,9341669,3/12/16,100,50,NHL
2322,9341672,3/13/16,100,106,NHL
2323,9341676,3/16/16,100,92,NHL
2324,9341679,3/18/16,100,66,NHL
2325,9341682,3/20/16,100,76,NHL
2326,9341686,3/30/16,100,104,NHL
2327,9341688,4/1/16,100,86,NHL
2328,9341692,4/8/16,100,98,NHL
2329,9341695,4/10/16,100,104,NHL
2330,9442944,8/4/16,1062,4,MLB
2331,9442945,9/27/16,1062,4,MLB
2332,9442946,9/28/16,1062,4,MLB
2333,9442947,9/29/16,1062,4,MLB
2334,9442948,9/16/16,1062,7548,MLB
2335,9442949,9/17/16,1062,7548,MLB
2336,9442950,9/18/16,1062,7548,MLB
2337,9442951,9/18/16,1062,7548,MLB
2338,9442952,5/11/16,1062,5651,MLB
2339,9442953,5/12/16,1062,5651,MLB
2340,9442954,5/13/16,1062,5651,MLB
2341,9442955,4/3/16,1062,5644,MLB
2342,9342026,3/7/16,102,106,NHL
2343,9342027,3/11/16,102,90,NHL
2344,9342030,3/19/16,102,52,NHL
2345,9342034,3/23/16,102,92,NHL
2346,9342036,3/25/16,102,88,NHL
2347,9342039,3/30/16,102,50,NHL
2348,9342042,4/1/16,102,64,NHL
2349,9342044,4/6/16,102,94,NHL
2350,9342047,4/9/16,102,88,NHL
2351,9442930,5/10/16,4343,5645,MLB
2352,9442841,4/30/16,4343,1062,MLB
2353,9442842,5/1/16,4343,1062,MLB
2354,9442843,5/1/16,4343,1062,MLB
2355,9442844,5/24/16,4343,1062,MLB
2356,9442845,5/25/16,4343,1062,MLB
2357,9442846,5/25/16,4343,1062,MLB
2358,9442847,9/20/16,4343,1062,MLB
2359,9442848,9/21/16,4343,1062,MLB
2360,9442849,9/22/16,4343,1062,MLB
2361,9442850,4/20/16,4343,4782,MLB
2362,9442851,4/21/16,4343,4782,MLB
2363,9442852,4/22/16,4343,4782,MLB
2364,9442853,6/7/16,4343,4782,MLB
2365,9442854,6/8/16,4343,4782,MLB
2366,9442855,6/9/16,4343,4782,MLB
2367,9442856,6/9/16,4343,4782,MLB
2368,9442860,9/3/16,4343,4782,MLB
2369,9442861,9/3/16,4343,4782,MLB
2370,9442862,9/4/16,4343,4782,MLB
2371,9442863,7/26/16,4343,4,MLB
2372,9442864,7/27/16,4343,4,MLB
2373,9442865,7/28/16,4343,4,MLB
2374,9442866,8/16/16,4343,4,MLB
2375,9442867,8/17/16,4343,4,MLB
2376,9442868,8/18/16,4343,4,MLB
2377,9442869,9/17/16,4343,4,MLB
2378,9442870,9/18/16,4343,4,MLB
2379,9442871,9/18/16,4343,4,MLB
2380,9442873,5/14/16,4343,7548,MLB
2381,9442874,5/15/16,4343,7548,MLB
2382,9442875,5/15/16,4343,7548,MLB
2383,9442876,9/27/16,4343,5164,MLB
2384,9442877,9/28/16,4343,5164,MLB
2385,9442879,9/29/16,4343,5164,MLB
2386,9442882,8/26/16,4343,4882,MLB
2387,9442883,8/27/16,4343,4882,MLB
2388,9442884,8/28/16,4343,4882,MLB
2389,9442885,8/28/16,4343,4882,MLB
2390,9442886,4/4/16,4343,1043,MLB
2391,9442887,4/6/16,4343,1043,MLB
2392,9442888,4/6/16,4343,1043,MLB
2393,9442889,6/4/16,4343,1043,MLB
2394,9442890,6/5/16,4343,1043,MLB
2395,9442891,6/5/16,4343,1043,MLB
2396,9442892,8/30/16,4343,1043,MLB
2397,9442893,8/31/16,4343,1043,MLB
2398,9442894,8/31/16,4343,1043,MLB
2399,9442895,4/15/16,4343,4692,MLB
2400,9442896,4/16/16,4343,4692,MLB
2401,9442897,4/17/16,4343,4692,MLB
2402,9442898,4/17/16,4343,4692,MLB
2403,9442899,5/28/16,4343,4802,MLB
2404,9442900,5/28/16,4343,4802,MLB
2405,9442901,5/29/16,4343,4802,MLB
2406,9442902,10/1/16,4343,5652,MLB
2407,9442903,10/2/16,4343,5652,MLB
2408,9442904,10/2/16,4343,5652,MLB
2409,9442905,6/25/16,4343,4322,MLB
2410,9442906,6/26/16,4343,4322,MLB
2411,9442907,6/26/16,4343,4322,MLB
2412,9442908,6/22/16,4343,4862,MLB
2413,9442909,6/23/16,4343,4862,MLB
2414,9442910,8/11/16,4343,5646,MLB
2415,9442911,8/11/16,4343,5646,MLB
2416,9442912,7/29/16,4343,5647,MLB
2417,9442914,7/30/16,4343,5647,MLB
2418,9442916,7/31/16,4343,5647,MLB
2419,9467888,4/2/16,4343,4882,MLB
2420,9442918,7/31/16,4343,5647,MLB
2421,9442923,8/13/16,4343,4182,MLB
2422,9442924,8/14/16,4343,4182,MLB
2423,9442925,8/14/16,4343,4182,MLB
2424,9442926,7/8/16,4343,5648,MLB
2425,9442927,7/9/16,4343,5648,MLB
2426,9442928,7/10/16,4343,5648,MLB
2427,9442929,7/10/16,4343,5648,MLB
2428,9467890,4/2/16,4343,4882,MLB
2429,9442931,5/11/16,4343,5645,MLB
2430,9442932,5/11/16,4343,5645,MLB
2431,9442934,4/26/16,4343,5650,MLB
2432,9442935,4/27/16,4343,5650,MLB
2433,9442936,4/28/16,4343,5650,MLB
2434,9370752,3/19/16,40,44,NBA
2435,9370754,3/23/16,40,38,NBA
2436,9370757,3/26/16,40,2864,NBA
2437,9370760,3/28/16,40,32,NBA
2438,9370763,3/31/16,40,28,NBA
2439,9370766,4/4/16,40,2744,NBA
2440,9370768,4/7/16,40,126,NBA
2441,9370968,4/6/16,40,40,NBA
2442,9370741,3/6/16,40,124,NBA
2443,9370774,4/14/16,40,3082,NBA
2444,9370744,3/9/16,40,30,NBA
2445,9370747,3/11/16,40,16,NBA
2446,9370748,3/14/16,40,8,NBA
2447,9370750,3/16/16,40,46,NBA
2448,9341417,3/18/16,104,76,NHL
2449,9341418,3/22/16,104,92,NHL
2450,9341421,3/25/16,104,96,NHL
2451,9341423,3/27/16,104,72,NHL
2452,9341427,3/29/16,104,98,NHL
2453,9341430,4/3/16,104,94,NHL
2454,9341433,4/6/16,104,98,NHL
2455,9341436,4/8/16,104,86,NHL
2456,9444736,5/21/16,4802,5646,MLB
2457,9444737,5/22/16,4802,5646,MLB
2458,9444738,4/13/16,4802,4182,MLB
2459,9444739,4/14/16,4802,4182,MLB
2460,9444658,6/3/16,4802,1062,MLB
2461,9444659,6/4/16,4802,1062,MLB
2462,9444660,6/5/16,4802,1062,MLB
2463,9444661,8/22/16,4802,4782,MLB
2464,9444662,8/23/16,4802,4782,MLB
2465,9444663,8/24/16,4802,4782,MLB
2466,9444665,5/16/16,4802,5643,MLB
2467,9444666,5/17/16,4802,5643,MLB
2468,9444667,5/18/16,4802,5643,MLB
2469,9444668,5/19/16,4802,5643,MLB
2470,9444669,4/15/16,4802,5164,MLB
2471,9444670,4/16/16,4802,5164,MLB
2472,9444671,4/17/16,4802,5164,MLB
2473,9444672,7/19/16,4802,5164,MLB
2474,9444673,7/20/16,4802,5164,MLB
2475,9444674,7/21/16,4802,5164,MLB
2476,9444675,9/2/16,4802,5164,MLB
2477,9444676,9/3/16,4802,5164,MLB
2478,9444677,9/4/16,4802,5164,MLB
2479,9444678,4/3/16,4802,5651,MLB
2480,9444679,4/6/16,4802,5651,MLB
2481,9444680,4/5/16,4802,5651,MLB
2482,9444681,6/10/16,4802,5651,MLB
2483,9444682,6/11/16,4802,5651,MLB
2484,9444683,6/12/16,4802,5651,MLB
2485,9444684,9/5/16,4802,5651,MLB
2486,9444685,9/6/16,4802,5651,MLB
2487,9444686,9/7/16,4802,5651,MLB
2488,9444687,5/2/16,4802,5644,MLB
2489,9444688,5/3/16,4802,5644,MLB
2490,9444689,5/4/16,4802,5644,MLB
2491,9444690,7/8/16,4802,5644,MLB
2492,9444691,7/9/16,4802,5644,MLB
2493,9444692,7/10/16,4802,5644,MLB
2494,9444693,9/26/16,4802,5644,MLB
2495,9444694,9/27/16,4802,5644,MLB
2496,9444695,9/28/16,4802,5644,MLB
2497,9444696,9/29/16,4802,5644,MLB
2498,9444697,5/24/16,4802,68,MLB
2499,9444698,5/25/16,4802,68,MLB
2500,9444699,5/26/16,4802,68,MLB
2501,9444700,6/24/16,4802,1061,MLB
2502,9444701,6/25/16,4802,1061,MLB
2503,9444702,6/26/16,4802,1061,MLB
2504,9444703,6/27/16,4802,1061,MLB
2505,9444704,6/20/16,4802,2,MLB
2506,9444705,6/21/16,4802,2,MLB
2507,9444706,6/22/16,4802,2,MLB
2508,9444707,6/23/16,4802,2,MLB
2509,9444708,7/26/16,4802,1043,MLB
2510,9444709,7/27/16,4802,1043,MLB
2511,9444710,8/19/16,4802,4342,MLB
2512,9444711,8/20/16,4802,4342,MLB
2513,9444712,8/21/16,4802,4342,MLB
2514,9444713,6/6/16,4802,5649,MLB
2515,9444714,6/7/16,4802,5649,MLB
2516,9444715,6/8/16,4802,5649,MLB
2517,9444716,9/23/16,4802,7547,MLB
2518,9444717,9/24/16,4802,7547,MLB
2519,9444718,9/25/16,4802,7547,MLB
2520,9444719,8/9/16,4802,42,MLB
2521,9444720,8/10/16,4802,42,MLB
2522,9444721,8/11/16,4802,42,MLB
2523,9444722,7/22/16,4802,4344,MLB
2524,9444723,7/23/16,4802,4344,MLB
2525,9444724,7/24/16,4802,4344,MLB
2526,9444725,4/29/16,4802,4862,MLB
2527,9444726,4/30/16,4802,4862,MLB
2528,9444727,5/1/16,4802,4862,MLB
2529,9444728,8/5/16,4802,4862,MLB
2530,9444729,8/6/16,4802,4862,MLB
2531,9444730,8/7/16,4802,4862,MLB
2532,9444731,9/8/16,4802,4862,MLB
2533,9444732,9/9/16,4802,4862,MLB
2534,9444733,9/10/16,4802,4862,MLB
2535,9444734,9/11/16,4802,4862,MLB
2536,9444735,5/20/16,4802,5646,MLB
2537,9371618,4/2/16,44,32,NBA
2538,9371620,4/3/16,44,3082,NBA
2539,9371623,4/12/16,44,46,NBA
2540,9371627,4/14/16,44,126,NBA
2541,9371604,3/10/16,44,8,NBA
2542,9371605,3/15/16,44,2986,NBA
2543,9371607,3/22/16,44,38,NBA
2544,9371609,3/24/16,44,40,NBA
2545,9371614,3/27/16,44,2744,NBA
2546,9444864,6/11/16,5652,4782,MLB
2547,9444865,6/12/16,5652,4782,MLB
2548,9444866,5/13/16,5652,4,MLB
2549,9444867,5/14/16,5652,4,MLB
2550,9444996,4/15/16,5652,5645,MLB
2551,9444997,4/16/16,5652,5645,MLB
2552,9444870,4/5/16,5652,7548,MLB
2553,9444871,4/6/16,5652,7548,MLB
2554,9444872,4/3/16,5652,7548,MLB
2555,9445001,5/27/16,5652,5650,MLB
2556,9444874,4/30/16,5652,7548,MLB
2557,9445003,5/28/16,5652,5650,MLB
2558,9445004,5/29/16,5652,5650,MLB
2559,9445005,7/29/16,5652,5650,MLB
2560,9444878,9/4/16,5652,7548,MLB
2561,9444879,5/3/16,5652,1061,MLB
2562,9444880,5/4/16,5652,1061,MLB
2563,9445009,7/31/16,5652,5650,MLB
2564,9444883,6/17/16,5652,2,MLB
2565,9444884,6/18/16,5652,2,MLB
2566,9445013,9/21/16,5652,5650,MLB
2567,9444886,6/19/16,5652,2,MLB
2568,9444888,4/12/16,5652,4882,MLB
2569,9444868,5/15/16,5652,4,MLB
2570,9444893,4/13/16,5652,4882,MLB
2571,9444895,4/14/16,5652,4882,MLB
2572,9448386,9/25/16,5652,4322,MLB
2573,9444993,8/7/16,5652,5648,MLB
2574,9444955,6/29/16,5652,4322,MLB
2575,9444900,6/14/16,5652,1043,MLB
2576,9444901,6/15/16,5652,1043,MLB
2577,9444937,8/15/16,5652,42,MLB
2578,9444903,6/16/16,5652,1043,MLB
2579,9444906,5/25/16,5652,4342,MLB
2580,9444907,5/26/16,5652,4342,MLB
2581,9444998,4/17/16,5652,5645,MLB
2582,9444912,4/25/16,5652,4692,MLB
2583,9444979,7/3/16,5652,4182,MLB
2584,9444873,4/29/16,5652,7548,MLB
2585,9448385,9/24/16,5652,4322,MLB
2586,9444925,4/26/16,5652,4692,MLB
2587,9444926,4/27/16,5652,4692,MLB
2588,9444928,7/15/16,5652,4692,MLB
2589,9444929,7/16/16,5652,4692,MLB
2590,9444930,7/17/16,5652,4692,MLB
2591,9444875,5/1/16,5652,7548,MLB
2592,9444932,9/5/16,5652,4692,MLB
2593,9444933,9/6/16,5652,4692,MLB
2594,9444935,9/7/16,5652,4692,MLB
2595,9444876,9/2/16,5652,7548,MLB
2596,9444939,8/16/16,5652,42,MLB
2597,9444940,8/17/16,5652,42,MLB
2598,9445014,9/22/16,5652,5650,MLB
2599,9444991,8/6/16,5652,5648,MLB
2600,9444869,4/4/16,5652,7548,MLB
2601,9444948,8/19/16,5652,4343,MLB
2602,9444950,8/20/16,5652,4343,MLB
2603,9444951,8/21/16,5652,4343,MLB
2604,9444952,6/27/16,5652,4322,MLB
2605,9444954,6/28/16,5652,4322,MLB
2606,9445007,7/30/16,5652,5650,MLB
2607,9444956,8/22/16,5652,4322,MLB
2608,9444957,8/23/16,5652,4322,MLB
2609,9444959,8/24/16,5652,4322,MLB
2610,9444960,8/25/16,5652,4322,MLB
2611,9448384,9/23/16,5652,4322,MLB
2612,9444966,8/1/16,5652,5647,MLB
2613,9444967,8/2/16,5652,5647,MLB
2614,9444969,8/3/16,5652,5647,MLB
2615,9444971,8/4/16,5652,5647,MLB
2616,9444973,6/30/16,5652,4182,MLB
2617,9444975,7/1/16,5652,4182,MLB
2618,9444977,7/2/16,5652,4182,MLB
2619,9445011,9/20/16,5652,5650,MLB
2620,9444877,9/3/16,5652,7548,MLB
2621,9444990,8/5/16,5652,5648,MLB
2622,9444859,7/4/16,5652,1062,MLB
2623,9444860,7/5/16,5652,1062,MLB
2624,9444861,7/6/16,5652,1062,MLB
2625,9444862,7/7/16,5652,1062,MLB
2626,9444863,6/10/16,5652,4782,MLB
2627,9371584,4/8/16,46,2986,NBA
2628,9371585,4/10/16,46,335486,NBA
2629,9371571,3/10/16,46,16,NBA
2630,9371573,3/12/16,46,30,NBA
2631,9371575,3/13/16,46,3082,NBA
2632,9371577,3/17/16,46,3084,NBA
2633,9371579,3/26/16,46,44,NBA
2634,9371580,3/27/16,46,34,NBA
2635,9371581,3/31/16,46,32,NBA
2636,9371582,4/2/16,46,28,NBA
2637,9371583,4/6/16,46,2562,NBA
2638,9341954,3/7/16,108,90,NHL
2639,9341955,3/9/16,108,104,NHL
2640,9341958,3/13/16,108,98,NHL
2641,9341961,3/19/16,108,50,NHL
2642,9341963,4/2/16,108,50,NHL
2643,9341965,3/20/16,108,48,NHL
2644,9341967,3/23/16,108,96,NHL
2645,9341976,3/25/16,108,92,NHL
2646,9341979,3/30/16,108,64,NHL
2647,9341982,4/3/16,108,102,NHL